concreteness,concept
1.19,IF [1459]
1.19,PERHAPS [2278]
1.19,BELIEF (RELIGIOUS) [3333]
1.22,BECAUSE [1157]
1.25,HOPE [1092]
1.33,ENOUGH [1881]
1.33,UNTIL [2753]
1.33,GOOD LUCK [720]
1.35,HOW [1239]
1.36,IN THIS WAY [3413]
1.39,YET [2577]
1.41,FROM HERE [2927]
1.41,CONCEPT [3966]
1.42,OF THIS KIND (SUCH) [2336]
1.43,VERY [1311]
1.44,THEN [2921]
1.47,THEORY [2433]
1.48,NOW [1376]
1.48,INSTEAD [1652]
1.48,PASSIONATE [1880]
1.5,EXPERIENCED [2218]
1.52,AND [1577]
1.52,COURAGE [3049]
1.52,JUST [84]
1.53,FATE [1688]
1.53,IMAGINE [3879]
1.54,BECOME [1990]
1.54,SYMPATHIZE [3903]
1.54,REVENGE [495]
1.54,WHICH [727]
1.54,THAT [78]
1.54,INNOCENT [90]
1.55,AMAZING [1863]
1.55,BELIEVE [1890]
1.55,WHILE [726]
1.59,NEVER [1656]
1.59,SPLENDOR [3964]
1.6,WHEN [1238]
1.61,IDEA [1609]
1.61,KEEN [39]
1.62,PEACE [1338]
1.62,BE IGNORANT [2651]
1.62,HARDLY [2926]
1.62,SUSPICION [3197]
1.62,MANNER [488]
1.64,GOOD [1035]
1.64,DELIGHT [1271]
1.64,ALREADY [2576]
1.66,HONEST [1120]
1.66,WHERE [1237]
1.66,PRIDE [3915]
1.67,HOLY [1702]
1.68,JUDGMENT [1067]
1.68,BAD [1292]
1.68,KNOW (SOMEBODY) [2248]
1.68,DECEIVE [3230]
1.68,HONOR (SOMEBODY) [3628]
1.68,ANXIOUS [3869]
1.68,CERTAIN [509]
1.68,OFFEND [557]
1.69,IN VAIN [1765]
1.69,DILIGENT [2077]
1.69,NEED (SOMETHING) [2339]
1.69,ENVY [40]
1.7,INTENTION [1162]
1.7,TRUE [1657]
1.7,LONGING (WISH) [2960]
1.71,ALWAYS [1676]
1.71,RELIGION [661]
1.72,OR [1014]
1.72,KEEN OR SUBTLE [2232]
1.72,LOGIC [2429]
1.72,CONVEY (A MESSAGE) [2898]
1.72,SUFFICE [3475]
1.73,KNOWLEDGE [3874]
1.73,INSOLENT [91]
1.74,WHO [1235]
1.74,SORROWFUL [145]
1.74,RECOMMEND [2759]
1.74,KINDNESS [3468]
1.74,SHY OR ASHAMED [3805]
1.75,STUPID [1518]
1.75,SEEM [1521]
1.75,CURIOUS [3633]
1.77,SOMETIMES [1544]
1.78,ATTENTIVE [1908]
1.78,HAPPEN [248]
1.79,CLEVER [1310]
1.79,OBSTINATE [1842]
1.79,DOUBT (SOMETHING) [3536]
1.79,SOON [703]
1.79,OPPOSITE [885]
1.8,NECESSARY [1030]
1.8,JEALOUSY [2016]
1.8,AGAINST [2469]
1.8,INTEREST (FEELING) [3847]
1.8,EFFECT [3968]
1.8,LATE [477]
1.81,ABILITY [2527]
1.81,CAREFUL [2758]
1.82,IMPROVE (SOMETHING) [2872]
1.82,CONTEMPT [3844]
1.82,SADNESS [3854]
1.83,WRONG [1390]
1.83,AFFORD [3893]
1.84,SUDDENLY [2920]
1.84,FROM [693]
1.85,BE [1579]
1.85,MEANING [2950]
1.85,SIN [2971]
1.85,NERVOUS [3975]
1.85,KIND OR POLITE [583]
1.86,WHY [1270]
1.86,FUTURE [2427]
1.86,STRANGE [600]
1.86,SOUL [811]
1.87,PITY [1141]
1.87,PURE [1147]
1.89,LIKE [1117]
1.89,NOBLE [482]
1.89,DEPEND [756]
1.9,REGRET [1875]
1.91,UNPLEASANT [26]
1.92,FORGIVE [1528]
1.92,DECIDE [685]
1.93,WANT [1784]
1.93,URGE (SOMEONE) [2881]
1.93,MAKE ANGRY (ANNOY) [2892]
1.93,REASON [2968]
1.93,DISAPPOINTMENT [3845]
1.93,DEPRESSED [3973]
1.93,EVIL [45]
1.93,INFRINGE [555]
1.96,TRUTH [1638]
1.96,BEFORE [1882]
1.96,RARE [209]
1.96,MIRACLE [2541]
1.96,COWARDLY [3812]
1.96,CONDEMN [484]
1.96,OWN [684]
1.96,SKILLED [807]
1.96,FORBID [83]
1.96,FAME [865]
1.96,REMAIN [987]
1.97,VULGAR [1080]
1.97,MISTAKE [1293]
1.97,HATE [1607]
1.97,EXPLAIN [1626]
1.97,FRESH [243]
1.97,DIFFERENT [2504]
1.97,THOUGHT [2975]
1.97,WISE [698]
1.97,OUR [780]
2.0,WHAT [1236]
2.0,WITH [1340]
2.0,OBSCURE [1764]
2.0,STINGY [1774]
2.0,AGAIN [204]
2.0,BOTHER (HARASS) [2869]
2.0,EVERYWHERE [2999]
2.0,PRECIOUS [3002]
2.0,MANAGE [3073]
2.0,EMOTIONAL [3761]
2.0,IDENTITY [3960]
2.0,ENDURE [833]
2.03,FAMILIAR [3005]
2.03,EVERY (EACH) [3416]
2.03,THESE (PLURAL OF THIS) [3984]
2.04,CONCEIVE [1087]
2.04,TOMORROW [1329]
2.04,FORGET [1523]
2.04,OTHER [197]
2.04,FREE [2316]
2.04,LACK (NOT HAVE) [2329]
2.04,POWER [2526]
2.04,MISERY [2553]
2.04,PATERNAL AUNT (FATHER'S SISTER) [2691]
2.04,TAME [2838]
2.04,INHERIT [3664]
2.04,BUT [3843]
2.04,RESPECT (SOMEBODY) [385]
2.04,TRUST (SOMEBODY) [3902]
2.04,UNHAPPY [3974]
2.06,BLAME (SOMEBODY) [2716]
2.07,COMMON COLD (DISEASE) [102]
2.07,AT [1461]
2.07,PROUD [174]
2.07,TRAGEDY [2434]
2.07,RECOGNIZE (SOMEBODY) [2870]
2.07,DEITY [3231]
2.07,PERSUADE [3645]
2.07,OWE [369]
2.07,BRILLIANT [3709]
2.07,BAD LUCK [56]
2.07,EASY [686]
2.07,READY [790]
2.07,FATHOM [81]
2.07,BORING [905]
2.07,LOVE [923]
2.08,NOT [1240]
2.08,CONDUCT [3111]
2.09,PROMISE [1675]
2.11,BEWITCH [118]
2.11,CHEAP [1887]
2.11,PRETEND [3631]
2.11,CRUEL [500]
2.11,DISGRACE [75]
2.12,AFTER [1685]
2.12,CUNNING [2335]
2.12,DESPISE [2715]
2.13,DANGEROUS [3466]
2.13,MUST [971]
2.13,ACQUIT [988]
2.14,THIS [1214]
2.14,YES [1268]
2.14,IMPORTANT [1285]
2.14,AFTERWARDS [2093]
2.14,FLATTER [2709]
2.14,GROW UP [552]
2.15,WITHOUT [1478]
2.16,BEAUTIFUL [1427]
2.17,BETRAY [1902]
2.17,REJOICE [2192]
2.17,JEALOUS [2821]
2.17,HITHER (HERE TO) [2925]
2.17,POWERFUL [3001]
2.17,MOURNING [3673]
2.17,TRIUMPH [3849]
2.18,FORMER [3004]
2.18,STUBBORN [3634]
2.18,HAVE [773]
2.19,SECRET [1121]
2.19,THOU [1215]
2.19,RESEMBLE [1777]
2.19,DISGUST [2465]
2.19,OBLIGATION (DUTY) [3471]
2.19,RUMINATE [3680]
2.19,DISOBEDIENT [3813]
2.19,DETECT [3895]
2.2,FAITHFUL [100]
2.2,THERE [1937]
2.2,LEARN [504]
2.2,DENY [755]
2.21,ANXIETY [1000]
2.21,DISGUSTING [2507]
2.21,LIE (FALSEHOOD) [2826]
2.21,GOODBYE [3554]
2.21,GOVERN [382]
2.21,DIFFICULT [584]
2.21,NOTHING [687]
2.22,PERJURY [1792]
2.22,TRY [1812]
2.22,AGREEMENT [3644]
2.22,IGNORE [41]
2.23,DREADFUL [528]
2.24,SHAME [1776]
2.24,HOSTILITY [3955]
2.24,DISCIPLINE [3962]
2.25,BEGET [1152]
2.25,LOSE [1660]
2.25,MONDAY [1697]
2.25,ACCUSE [1814]
2.25,DEAR [2470]
2.25,BENEFIT [2929]
2.25,GENEROUS [3632]
2.25,EARLY [672]
2.26,BRAVE [3]
2.26,ALLOW [3238]
2.26,PROVERB [3646]
2.26,PLAIN [652]
2.27,INVESTIGATE [2010]
2.27,ALL [98]
2.28,SUFFER [1101]
2.28,UNDERSTAND [1536]
2.28,DARE [1779]
2.28,GUESS [1932]
2.28,OVERCOME [1999]
2.28,FEEL (TACTUALLY) [2559]
2.28,WANDER [3666]
2.29,LOVELY [2233]
2.3,IMMEDIATELY [1963]
2.3,CONJURE [2222]
2.31,DEFEND [1330]
2.31,SPARSE [207]
2.31,LAVISH [222]
2.31,AGREE [3643]
2.32,BOAST [101]
2.32,ADMIT [2022]
2.32,NOBODY [3887]
2.32,EXCITED [3972]
2.32,THOSE (PLURAL OF THAT) [3985]
2.33,SUCCEED [1112]
2.33,GRIEVE [1955]
2.33,CONFUSED [3858]
2.34,PREVENT [1550]
2.34,AUTHORITY [1637]
2.34,ROAD [667]
2.35,LANGUAGE [1307]
2.36,GUILTY [1682]
2.36,PREPARE [2909]
2.36,FALSE [3069]
2.37,DECEIT [13]
2.37,KEEP [1477]
2.37,MORE [1992]
2.37,JOY [2524]
2.37,MANY PIECES [3453]
2.37,YOUR (SINGULAR) [732]
2.38,MEMORY [1018]
2.38,ASK (INQUIRE) [1309]
2.38,GIVE [1447]
2.38,LIGHT (IN TASTE) [2181]
2.38,ABSTAIN FROM FOOD [303]
2.38,SHORT (TIME) [3312]
2.38,IMPATIENT [3885]
2.38,GET [694]
2.39,CEASE [1928]
2.39,DEPRESSION [3877]
2.39,FRIENDSHIP [3954]
2.39,EARN [733]
2.39,CURSE [8]
2.4,GOOD-LOOKING [2410]
2.41,MAIN [1078]
2.41,FAULT [134]
2.41,THINK (REFLECT) [1415]
2.41,ONLY [1580]
2.41,UNTAMED OR WILD [2230]
2.41,BUSY [2755]
2.41,AVOID [3639]
2.41,METHOD [3971]
2.41,CURE [499]
2.41,REMEMBER [707]
2.41,ANGER [82]
2.41,HELL [878]
2.42,MY [2090]
2.43,SEVERE [419]
2.43,CAUSE [860]
2.44,FEELING (EMOTION) [2573]
2.44,INSTANTLY (IMMEDIATELY) [2916]
2.45,WIDE [1243]
2.45,NO [1269]
2.45,SWEAR [1939]
2.45,AFFAIR [2214]
2.46,SIMILAR [1558]
2.46,SMART [2530]
2.46,BLOCK (THE WAY) [2762]
2.46,HESITATE [3629]
2.46,PUNISHMENT [390]
2.46,DO [813]
2.48,SOME [1241]
2.48,DEFECT [1995]
2.48,COMMAND [1998]
2.48,FADE (LOOSE COLOR) [2704]
2.48,FEW PIECES [3451]
2.48,EXCITEMENT [3846]
2.5,FOREIGN [109]
2.5,DIMINISH [1184]
2.5,BEGINNING [1557]
2.5,MIND [1562]
2.5,SURPRISED [1572]
2.5,OFTEN [1852]
2.5,MERRY [1976]
2.5,COST [242]
2.5,RIDDLE [2970]
2.5,SCARED [3033]
2.5,PATIENT (SICK PERSON) [3375]
2.5,PUT (IN A STANDING POSITION) [3833]
2.51,MARRIAGE [2432]
2.52,RUDE [1412]
2.52,GLOOMY [1552]
2.52,LAME [320]
2.52,COMPARE [3429]
2.52,SHY [487]
2.52,MAKE [734]
2.53,LEAVE [1752]
2.53,ANGRY [1826]
2.53,GENTLE [1954]
2.54,ABANDON [1097]
2.54,EXACT [1466]
2.54,MISS (A TARGET) [161]
2.54,TASTELESS [1771]
2.54,OFFICIAL [3361]
2.54,SOCIETY [3958]
2.55,WORRY [150]
2.55,BRING [692]
2.55,VICTORY [783]
2.56,NEXT [1354]
2.56,HAPPY [1495]
2.56,EQUAL [1570]
2.56,HELP [1897]
2.56,BEGIN OR START [3447]
2.57,APPEARANCE [1017]
2.57,LAW [1062]
2.57,MANY [1198]
2.57,TODAY [1283]
2.57,RULE [1846]
2.57,PRESERVE [1997]
2.57,JOURNEY [2393]
2.57,INSERT [3071]
2.57,FEAR (FRIGHT) [781]
2.59,CORRECT (RIGHT) [1725]
2.59,BESIDE [1816]
2.59,ASK (REQUEST) [1828]
2.59,SUSPECT [1841]
2.59,GET DIZZY [2712]
2.59,BE DEFEATED [3535]
2.59,CONTENT [3967]
2.6,DREAM [2374]
2.6,HAPPINESS [2941]
2.6,RITE [3334]
2.6,GALL BLADDER [3372]
2.6,COMPLAIN [3642]
2.6,BE LATE [425]
2.61,INCREASE [1041]
2.61,FINE OR THIN [2157]
2.61,SENSE (PERCEIVE BY SENSES) [2572]
2.61,MIGHTY OR POWERFUL OR STRONG [3188]
2.61,COMMEND [3455]
2.62,CHOOSE [1750]
2.62,WORSHIP [257]
2.62,"DWELL (LIVE, RESIDE) [363]"
2.62,CHARITY [3953]
2.63,THREATEN [1192]
2.63,SURRENDER [1696]
2.63,WEALTH [2996]
2.63,HANDSOME [3814]
2.63,FIND [719]
2.63,HURRY [754]
2.64,FLEXIBLE [1691]
2.64,RECOVER [1978]
2.64,SAME [200]
2.64,GREEDY [2018]
2.64,INTACT [220]
2.65,BUDGE (ONESELF) [2861]
2.66,IMITATE [117]
2.66,FORWARD [2912]
2.66,PUNISH [3649]
2.66,GO UP (ASCEND) [705]
2.67,MIDDAY [12]
2.67,LAZY [1564]
2.67,OBEY [1635]
2.67,DO OR MAKE [2575]
2.67,DIALECT [2815]
2.67,LOST [3667]
2.67,WIN [866]
2.68,WAIT (FOR) [1590]
2.68,CUSTOM [1747]
2.68,DANGER [1810]
2.68,PROBLEM [2425]
2.68,DECREASE [2864]
2.68,BLESS [391]
2.69,OMEN [107]
2.69,LIFE [210]
2.69,TRANSLATE [2906]
2.7,SEND [1127]
2.7,GRIEF [1668]
2.7,POOR [1674]
2.71,FAR [1406]
2.71,PASS [1951]
2.71,ABUSE [1953]
2.72,COME [1446]
2.72,DEBT [1914]
2.72,OLD (USED) [2113]
2.72,TRILLION [3602]
2.72,TRAUMA [3965]
2.72,BETWEEN [689]
2.73,RAISE (BRING UP) [2134]
2.73,CARE FOR [253]
2.73,SURPASS [402]
2.74,APPROACH [1778]
2.74,TOGETHER [2482]
2.74,EXCHANGE [2509]
2.74,CALCULATE [2867]
2.74,ONCE (IN THE PAST) [2914]
2.74,AMOUNT [2987]
2.74,POISONOUS [888]
2.75,QUARREL (VERB) [3302]
2.75,GATHER [7]
2.76,QUIET [1314]
2.76,STRAIGHT [1404]
2.76,MAD [1899]
2.76,FIRST [728]
2.77,SLEEPY [3620]
2.78,USE (VERB) [2072]
2.78,HINDER [554]
2.79,ORDER [1128]
2.79,ARRANGE [1568]
2.79,WEAK [1601]
2.79,OATH [1712]
2.79,NEAR [1942]
2.79,TOWARDS [2754]
2.79,IDLE [2756]
2.79,INSULT [3204]
2.79,SURNAME [3426]
2.79,DIRECTION [3427]
2.79,RICH [712]
2.79,ADULTERY [902]
2.8,SACRIFICE [1103]
2.8,HELLO [3553]
2.8,RELATIONSHIP [3959]
2.81,NEW [1231]
2.81,IT [169]
2.81,ENCIRCLE [3274]
2.82,SPOIL (SOMEBODY OR SOMETHING) [92]
2.83,PURSUE [1047]
2.83,ENEMY [1358]
2.83,DONATE [196]
2.83,CALM [258]
2.85,RESULT [3969]
2.86,ZERO [1294]
2.86,JOIN [1743]
2.86,AGE [1789]
2.86,TASTY [1813]
2.86,ALONE [1964]
2.86,PROTECT [2900]
2.86,LEVEL [3469]
2.86,DISAPPEAR [485]
2.86,SOBER [69]
2.86,PUT [998]
2.87,REVOLUTION [2431]
2.88,CONNECT [2862]
2.88,GOVERNMENT [815]
2.89,ANSWER [1275]
2.89,RESULT IN [1723]
2.89,FINISH [1766]
2.89,BE ANGRY [2223]
2.89,CHANGE (BECOME DIFFERENT) [2857]
2.89,COLD (CHILL) [2932]
2.9,BE HUNGRY [1533]
2.9,RABID [2203]
2.9,BOLT (MOVE IN HASTE) [2860]
2.9,JOKE [3425]
2.9,ONE MILLION [3533]
2.9,MAGIC [392]
2.9,DISPUTE [3956]
2.9,REPEAT [880]
2.9,THROUGH [97]
2.92,NATURE [3897]
2.93,CHARACTER [1024]
2.93,LIGHT (WEIGHT) [1052]
2.93,COWARD [1319]
2.93,TWICE [1546]
2.93,FIX [3074]
2.93,ACQUIRE (SOMETHING) [3892]
2.93,ENCOUNTER (MEET) [3904]
2.93,PROCESS [3970]
2.93,THEY [817]
2.93,BITTER [887]
2.94,SYSTEM [3957]
2.96,BORE [1501]
2.96,LOOK [1819]
2.96,STRENGTH [202]
2.96,BROOD (VERB) [2075]
2.96,TRADE OR BARTER [2135]
2.96,RUSTLE (OF LEAVES) [2877]
2.96,FAIRY TALE [2937]
2.96,BEG [3534]
2.96,GREET [3552]
2.96,DEFEAT [782]
2.96,SHARE [884]
2.97,SAY [1458]
2.97,RELATIVES [1644]
2.97,SICK [1847]
2.97,COUNT (QUANTITY) [2945]
2.97,GIVE BACK [85]
3.0,YESTERDAY [1174]
3.0,COUNT [1420]
3.0,IN [1460]
3.0,LOOK FOR [1468]
3.0,INVITE [1611]
3.0,MOTIONLESS [1636]
3.0,TIRED [1757]
3.0,MEET [1831]
3.0,THANK (SOMEBODY) [2412]
3.0,HER (GENITIVE OF SHE) [2474]
3.0,ADD [2882]
3.0,FODDER [3046]
3.0,OPERATE (MEDICINE) [3121]
3.0,LEAN [3619]
3.0,GOSSIP [3640]
3.0,FAIL [3861]
3.0,STRAIN [940]
3.03,CRIME [1066]
3.03,REST [168]
3.03,THURSDAY [1693]
3.03,MARRY [203]
3.03,RETREAT [421]
3.03,GROW [479]
3.03,COMPOUND [483]
3.04,NARROW [1267]
3.04,LAST (FINAL) [1529]
3.04,EAST [1877]
3.04,FOURTEEN [2451]
3.04,AUGUST [2851]
3.04,DISTURB [2883]
3.04,LORD [3153]
3.04,FELT [325]
3.04,REFUSE [49]
3.04,THIRST [848]
3.06,TAKE [1749]
3.06,BROAD OR WIDE [2652]
3.07,FRIEND [1325]
3.07,DIE [1494]
3.07,ACCOMPANY [1542]
3.07,SATURDAY [1700]
3.07,MEMBER [2424]
3.07,FRIGHTEN [252]
3.07,ACROSS [2670]
3.07,CHANGE (SOMETHING) [2856]
3.07,VIOLENCE [2976]
3.07,SCOLD [299]
3.07,TONE (MUSIC) [2995]
3.07,TREATY [3169]
3.07,BLUNT [379]
3.07,HOARSE [3987]
3.07,LEND [582]
3.07,SAD [699]
3.07,CLEAN [704]
3.07,TIME [892]
3.08,WE (EXCLUSIVE) [1130]
3.08,THOUSAND [1843]
3.08,VISIBLE [1868]
3.08,DESTROY [681]
3.08,TRADE [898]
3.09,STEAM (VERB) [2067]
3.1,HOUR [1353]
3.1,BORROW [1823]
3.1,SELF [1993]
3.1,SLOWLY [2165]
3.1,BECOME NUMB [2216]
3.1,DILUTE [550]
3.11,DEPTH [2534]
3.11,WAKE UP (SOMEONE) [3174]
3.11,PLUNDER [3670]
3.11,RENT (SOMETHING) [3831]
3.12,DELIVER [2033]
3.12,ENTER [749]
3.13,EMERGE (APPEAR) [1076]
3.13,HERE [136]
3.13,EXPENSIVE [1426]
3.13,SIZE (OF OBJECT) [2845]
3.13,COPULATE [549]
3.14,FATIGUE [1140]
3.14,BE ALIVE [1422]
3.14,CULTIVATE [1541]
3.14,WEDNESDAY [1694]
3.14,HARVEST CROPS [1827]
3.14,BASTARD [1947]
3.14,PLOT [2024]
3.14,HIS OR HER [2092]
3.14,DENSE [2239]
3.14,MIDNIGHT [2656]
3.14,SHAPE [3747]
3.14,END (OF TIME) [743]
3.14,STRONG [785]
3.15,ITCH [148]
3.15,MOVE AWAY [229]
3.15,ADORNED [2496]
3.15,HANG UP [357]
3.15,GO [695]
3.15,TEACH [709]
3.16,CURRENT (STREAM) [2935]
3.16,GLUTTON [533]
3.16,YOUNG (OF MAN) [564]
3.16,AMBUSH [65]
3.17,RISE (ONESELF) [1512]
3.17,RESCUE [2008]
3.17,ELECTION [240]
3.17,DISTANCE [2978]
3.17,THING [738]
3.18,FAT (OBESE) [1279]
3.18,GO DOWN (DESCEND) [2014]
3.18,LAUNDER (WASH CLOTHES) [2503]
3.18,LOOSE [2506]
3.18,HEARING (AURAL SENSE) [2518]
3.18,TRANSPARENT [3754]
3.18,FOR A LONG TIME [418]
3.19,FOOL [1438]
3.19,SEVENTEEN [2453]
3.19,SPIRIT [53]
3.19,HIDE (CONCEAL) [602]
3.2,HUNDRED [1634]
3.2,BIRTHDAY [2407]
3.2,DAMAGE (INJURY) [2947]
3.2,SLANTED [3075]
3.2,NEAR (IN SPACE) [3735]
3.21,OPEN [1156]
3.21,SEE [1409]
3.21,ITCHY [149]
3.21,PRAY [24]
3.21,HIDE (ONESELF) [2485]
3.21,SEEING (VISUAL SENSE) [2519]
3.21,ASTRINGENT [3837]
3.22,BE BORN [1090]
3.22,SMALL [1246]
3.22,ARRIVE [1387]
3.22,DIE (FROM ACCIDENT) [2865]
3.23,UGLY [1548]
3.23,FEELING SORE [3708]
3.24,LET GO OR SET FREE [1095]
3.24,PLAY [1413]
3.24,MUTE [1666]
3.24,ANCESTORS [1669]
3.24,LOOSEN [1933]
3.24,SURPRISE (FEELING) [3848]
3.24,ATOP [57]
3.24,WASTE [79]
3.25,DIVORCE [1134]
3.25,YEAR [1226]
3.25,SEPARATE [1359]
3.25,COARSE [2151]
3.25,WHOLE [2277]
3.25,MOVE (AFFECT EMOTIONALLY) [2873]
3.26,FOLLOW [1085]
3.26,EVENING [1629]
3.26,NINETEEN [1714]
3.26,FLIRT [494]
3.27,AUTUMN [1276]
3.27,FEVER [1534]
3.27,MAD PERSON [2321]
3.27,A LITTLE [2924]
3.27,HALF [816]
3.27,DEAF [996]
3.28,OLD [1229]
3.28,FRIDAY [1692]
3.28,CROWDED [2517]
3.28,BUSINESS [2931]
3.28,CONVERSATION [2933]
3.28,MUGGY [3757]
3.28,SLOW [701]
3.29,THRUST [246]
3.29,DOWRY [3168]
3.29,IRON [621]
3.29,PART [779]
3.3,NUMBER [1356]
3.3,SECOND [1384]
3.3,RIPE [178]
3.3,HUNGER [1864]
3.3,STORY [2060]
3.3,CONGEAL (BLOOD) [2395]
3.3,NOTICE (SOMETHING) [2893]
3.3,TYPE (ON SOMETHING) [3134]
3.3,INSTEP [3736]
3.31,HEALTHY [1364]
3.31,SWELL [1573]
3.31,RIPEN [179]
3.31,UNRIPE [1958]
3.31,VIRGIN [2298]
3.31,PRODUCE [2886]
3.31,PERIOD [508]
3.31,SPICY [544]
3.31,ANNOUNCE [9]
3.32,FAST [1631]
3.32,SUNDAY [1699]
3.32,QUARREL [1848]
3.32,ACTIVE [1861]
3.32,DEMON [1973]
3.32,FILL [2006]
3.32,REPAIR [2243]
3.32,FREEMAN [384]
3.32,SEASON [691]
3.32,AWAKE [825]
3.33,COLD [1287]
3.33,ABOVE [1741]
3.33,SILENCE [3458]
3.33,ATTACH [3894]
3.33,SHINY [3977]
3.33,WELL [954]
3.34,HARD [1884]
3.34,LOW (HEIGHT) [2191]
3.34,THEIR [2400]
3.34,SERMON [3167]
3.34,KIND (THING) [844]
3.35,SELL [1571]
3.35,BUY [1869]
3.35,RAW [1959]
3.35,FRAGRANT [376]
3.36,HIGH [1265]
3.36,SEVENTY [1721]
3.36,SHE [1834]
3.36,QUESTION [3268]
3.37,SPEECH [1115]
3.37,HEAVY [1210]
3.37,FOUR [1500]
3.37,SHEAR [1532]
3.37,FIFTEEN [1709]
3.37,PREACH [304]
3.37,ALCOHOLIC (PERSON) [3867]
3.37,CLOSED [589]
3.38,DEEP [1593]
3.38,WAKE UP [1602]
3.38,CLOSE (EYES) [2063]
3.38,FRINGE [2989]
3.38,CREEP [3215]
3.38,SCENERY [3963]
3.39,TEN [1515]
3.39,NINETY [1724]
3.39,POINT (WITH FINGER) [2669]
3.39,DASH (OF VEHICLE) [2863]
3.4,DECORATE [1739]
3.4,PLAN [3630]
3.41,SET (HEAVENLY BODIES) [160]
3.41,EIGHTY [1722]
3.41,CHRISTMAS [2405]
3.41,BACKWARD [2911]
3.41,NEWS [2964]
3.41,BEIGE [3707]
3.41,SAFE [3762]
3.41,ABORTION [3866]
3.42,UNCOVER [1108]
3.42,FETCH [3551]
3.43,PERMIT [1003]
3.43,PAINFUL [1129]
3.43,EMPTY [1624]
3.43,SIX [1703]
3.43,ACHE [1815]
3.43,BLACKEN [2808]
3.43,LIAR [3470]
3.43,CHAPTER [835]
3.44,BRIBE (AMOUNT) [1163]
3.44,MORNING [1339]
3.44,WEST [1817]
3.44,THIRD [1859]
3.44,HITCHHIKE [3117]
3.44,CUT DOWN [355]
3.44,TAKE OUT [3654]
3.45,BELOW OR UNDER [1485]
3.45,SHALLOW [193]
3.45,DISEASE [1986]
3.46,SUCK [1421]
3.46,HORIZONTAL [2376]
3.46,HIGH OR TALL [2790]
3.46,STILL (CONTINUING) [2919]
3.46,CLAN [302]
3.46,REMAINS [838]
3.47,RIGHT [1019]
3.47,EXTINGUISH [127]
3.47,LISTEN [1608]
3.47,LENGTHEN [3700]
3.48,WORK (ACTIVITY) [1086]
3.48,HUMID [143]
3.48,DRUNK [1463]
3.48,WEEK [1469]
3.48,BEHIND [1686]
3.48,FIFTY [1717]
3.48,THRESHOLD [1727]
3.48,ROB (VERB) [2073]
3.48,VERTICAL [2375]
3.48,MOISTEN [28]
3.48,CRIMINAL [3875]
3.48,INJURE [44]
3.48,SQUARE [850]
3.5,NAME [1405]
3.5,PUT ON [158]
3.5,PAIN [1783]
3.5,BUNCH [1966]
3.5,IDENTICAL [2276]
3.5,CLIMATE [2426]
3.5,POETRY [541]
3.52,NOISE [1182]
3.52,DOWN [1326]
3.52,TINKLE [2888]
3.52,STATE (POLITICS) [2955]
3.52,GRAZE [3058]
3.52,ODOR (SMELL) [3704]
3.53,COLD (OF WEATHER) [2483]
3.53,IRRIGATE [3078]
3.53,DESCENDANTS [490]
3.54,WARE [2957]
3.54,SPACE (AVAILABLE) [3006]
3.54,PAY [718]
3.55,FAMINE [199]
3.55,FLAVOR [2938]
3.55,SCATTER [3705]
3.55,CLEAR (TO SEE) [3710]
3.55,SHRINK [54]
3.55,DRESS UP [814]
3.56,WORD [1599]
3.56,SIXTY [1718]
3.56,NOISY [3883]
3.56,READ [724]
3.57,THIN (SLIM) [1400]
3.57,POINTED [372]
3.57,TREAD [575]
3.59,FULL [1429]
3.59,STAND [1442]
3.59,MEASURE [1506]
3.59,TORTURE [1952]
3.59,US (OBLIQUE CASE OF WE) [2310]
3.59,STICKY [3703]
3.59,BACK OF HEAD [523]
3.59,OLD PERSON [725]
3.6,HISS [3685]
3.6,SWAY [573]
3.61,TWELVE [1707]
3.61,SMALL (NOT TALL) [2484]
3.61,HURT (SENSE PAIN) [2561]
3.61,HOLLOW [3701]
3.61,MURDER [845]
3.61,RAPE [953]
3.61,WEAR [976]
3.62,STRETCH [214]
3.62,UNICORN [2601]
3.62,BREEZE [3982]
3.62,THREE [492]
3.63,HOST [1545]
3.63,LOAD [1679]
3.63,IDOL [1945]
3.63,GRASP [2021]
3.63,JOG (SOMETHING) [2899]
3.63,GRAVEN IMAGE [3205]
3.63,CACKLE [3683]
3.63,MOVEMENT [3695]
3.63,PRICE [657]
3.63,WAR [935]
3.64,SUMMER [1342]
3.64,ECHO [2816]
3.66,BIG [1202]
3.66,HEAR [1408]
3.66,ARSON [1889]
3.66,CHAT (WITH SOMEBODY) [2903]
3.67,INSIDE [1606]
3.67,TWENTY [1710]
3.67,TIE UP (TETHER) [2891]
3.67,ASSEMBLE (GET TOGETHER) [3638]
3.67,TRAVEL [3665]
3.67,INTERPRETER [3744]
3.67,MOUNTAINOUS [3755]
3.67,COLLAPSE [3986]
3.67,BE SILENT [48]
3.68,STEPSON [1059]
3.68,HOLD [1448]
3.68,SLAUGHTER [1796]
3.68,OLD (AGED) [2112]
3.68,CEASE OR FINISH [2115]
3.68,SMEAR [364]
3.68,SIDE [682]
3.69,MIDDLE [1093]
3.69,MUMBLE [128]
3.69,THIRTEEN [1708]
3.69,CARVE [228]
3.7,SPEAK [1623]
3.7,AFTERNOON [1807]
3.7,STUDY [1929]
3.7,SOUND (OF INSTRUMENT OR VOICE) [2879]
3.7,ERUPT [3112]
3.7,FEMALE COUSIN [3823]
3.7,JINGLE (INSTRUMENT) [3993]
3.71,BUILD [1840]
3.71,SOMEONE [2422]
3.71,BREAK (BREAKING) [3020]
3.71,ATTACK [722]
3.72,SMELL (STINK) [1587]
3.72,SEVEN [1704]
3.72,FLOW [2003]
3.72,SWEEP [230]
3.72,FEMALE DOG [2481]
3.72,SHARPEN (SOMETHING) [251]
3.72,AREA [2980]
3.73,LOUD [377]
3.73,PIERCE [398]
3.73,STINKING [42]
3.73,PALATE [540]
3.73,DEATH [910]
3.74,BLOW (WITH MOUTH) [176]
3.74,MENSTRUATE [2827]
3.74,FAINT (PASS OUT) [3616]
3.75,SQUEEZE [1414]
3.75,THIRTY [1715]
3.75,RUN AWAY [2142]
3.75,PULL OUT [2325]
3.75,CONJUNCTIVITIS [3026]
3.75,RIDE [367]
3.75,FLORAL [3756]
3.75,COMPANION [3978]
3.75,JUDGE [861]
3.76,CHESTNUT TREE [1009]
3.76,SIT [1416]
3.76,BLACK [163]
3.76,STEEP [2717]
3.76,LAIR [2949]
3.76,STIR [696]
3.76,STRANGER [791]
3.76,BLUE [837]
3.77,DRY [1398]
3.77,IN FRONT OF [1883]
3.78,OWNER [1036]
3.78,CLUB [1763]
3.78,COLORFUL [2997]
3.78,DISABLED PERSON [3621]
3.78,SERVE (SOMEONE) [3648]
3.78,POPLAR [821]
3.79,WEIGH [1098]
3.79,ROUND [1395]
3.79,CLEARING [2284]
3.79,ELEVATION [2936]
3.79,CROOKED [297]
3.79,FLAIL [3057]
3.79,BILLION [3599]
3.79,TEAM [3961]
3.79,HEAT [612]
3.8,DEFENDANT [1034]
3.8,TURN AROUND [1444]
3.8,THAW (DEW) [2887]
3.8,FOGGY [3759]
3.81,SMOOTH [1234]
3.81,HUNT [1435]
3.81,AWL [278]
3.81,TWINKLE [2889]
3.81,DAMP [2998]
3.81,MAGENTA [3753]
3.81,ROAR [3896]
3.82,BURY [1719]
3.82,MIX [2017]
3.82,GELD [29]
3.82,GREASY [955]
3.83,UP [1591]
3.83,GUEST [1782]
3.83,ROUGH [1923]
3.83,RABIES [2206]
3.83,SPHERICAL (ROUND IN THREE DIMENSIONS) [2303]
3.83,THIN (OF HAIR AND THREAD) [2305]
3.83,DRIBBLE [268]
3.83,THATCH [279]
3.83,BOSS [2930]
3.83,FUNERAL [3336]
3.83,HOWL [526]
3.83,WEATHER [952]
3.83,QUIVER (FOR ARROWS) [995]
3.84,WINTER [1471]
3.84,SOUTH [1595]
3.84,INHALE [2705]
3.84,STEAL [713]
3.85,DARKNESS [11]
3.85,GUTS [1334]
3.85,PILE UP [1576]
3.85,SPOUSE [2514]
3.85,SLICE [2954]
3.85,TICKLE (SOMEBODY) [3647]
3.85,SPREAD OUT [38]
3.85,CENTER [491]
3.85,SHINE [708]
3.86,SHARP [1396]
3.86,TOUCH [1892]
3.86,LAY (VERB) [2071]
3.86,GNAW [2706]
3.86,HEIGHT [2985]
3.86,GRUB [3011]
3.86,IMPEL [3290]
3.86,WINDY [3758]
3.86,BASE [831]
3.86,THIRSTY [847]
3.87,ROTTEN [1728]
3.87,TIGHT [3053]
3.87,FIVE [493]
3.88,SOFT [1856]
3.88,PAIR [1888]
3.88,PLOUGH [1921]
3.88,BEND [2004]
3.88,SIXTEEN [2454]
3.88,NETTLE [33]
3.88,POSSESSIONS [3860]
3.88,SHIVER [52]
3.88,MILLET [931]
3.89,WHITE [1335]
3.89,NERVE [2626]
3.89,COOKED [269]
3.89,KNEAD [274]
3.89,TUMBLE (FALL DOWN) [2894]
3.89,ROT [2907]
3.89,UNTIE [352]
3.89,FRONT TOOTH (INCISOR) [442]
3.89,LIFT [501]
3.89,SPRING (OF WATER) [849]
3.89,TAX [873]
3.89,SWALLOW [897]
3.9,SPIN [121]
3.9,KILL [1417]
3.9,CRUSH [1520]
3.9,PRESS [1913]
3.9,PLAINTIFF [2020]
3.9,SPAWN (VERB) [2227]
3.9,HEAP [2984]
3.9,HEADACHE [3625]
3.9,DATE (FRUIT) [3801]
3.9,RUSTY [3870]
3.9,TWIST [430]
3.9,ELECTRICITY [59]
3.91,STAB [1434]
3.91,HORNBILL [3260]
3.92,WEDDING [1259]
3.92,DAY (24 HOURS) [1260]
3.92,VISIT [1377]
3.92,GAP (DISTANCE) [2948]
3.92,PATTERN [2988]
3.92,YEARLING (HORSE) [3329]
3.92,SINGE [3698]
3.92,BRIGHT [679]
3.93,SALTY [1091]
3.93,GO OUT [1107]
3.93,I [1209]
3.93,TURN (SOMETHING) [1445]
3.93,SEW [1457]
3.93,ELEVEN [1706]
3.93,ROW [1849]
3.93,DROWN [1904]
3.93,CONGEE [2049]
3.93,TRY (TEST) [2571]
3.93,HE OR SHE [2642]
3.93,BOVINE [3044]
3.93,MALARIA [3059]
3.93,CHEW [321]
3.93,PINK [3446]
3.93,WATERY [3545]
3.93,INFLATED [535]
3.93,WIND [960]
3.94,WEIGHT [2466]
3.94,SLIPPERY [3702]
3.96,WAGES [1122]
3.96,BEAM [1132]
3.96,FREEZE [1431]
3.96,SPLIT [1437]
3.96,EIGHTEEN [1713]
3.96,BEECH [1950]
3.96,WIDOWER [1981]
3.96,MELT [2334]
3.96,"SUCKLE (BREASTFEED, NURSE) [2472]"
3.96,PACIFIER [3087]
3.97,GRIND [1033]
3.97,SHOW [1039]
3.97,SHOOT [1172]
3.97,CHOKE [129]
3.97,PULL [1455]
3.97,ONE [1493]
3.97,UNDRESS [1755]
3.97,STUTTER [1866]
3.97,PAINTING [2001]
3.97,MESSAGE [2961]
3.97,SWARM (OF BIRDS) [2974]
3.97,SHRIEK [298]
3.97,EARTHQUAKE [6]
3.97,SEIZE [855]
4.0,CALL [1084]
4.0,GIVE BIRTH [1195]
4.0,SISTER [1263]
4.0,WIPE [1454]
4.0,CRY [1839]
4.0,PICK [2148]
4.0,CLOUDY [2341]
4.0,STEPFATHER [237]
4.0,AMULET [2804]
4.0,HARVEST OR HARVEST SEASON [3541]
4.0,PARTRIDGE [3681]
4.0,PINCH [378]
4.0,BATTLE [579]
4.0,SWEET [717]
4.0,MENSTRUATION [766]
4.03,DIVE [119]
4.03,SNEEZE [1621]
4.03,BLIND [1653]
4.03,GRANDPARENTS [305]
4.04,ORPHAN [1149]
4.04,THROW [1456]
4.04,NINE [1483]
4.04,STRAIT [1661]
4.04,EIGHT [1705]
4.04,GUARD [1940]
4.04,PURPLE [2452]
4.04,FORGE [288]
4.04,INCENSE [3356]
4.04,CARRY ON BACK [465]
4.04,LIGHT (IGNITE) [737]
4.04,SOW SEEDS [748]
4.04,ORNAMENT [917]
4.07,STEPDAUGHTER [1058]
4.07,WITNESS [1144]
4.07,BREATHE [1407]
4.07,WALK [1443]
4.07,FLOAT [1574]
4.07,DEAD [1625]
4.07,FLAT [1633]
4.07,SHAKE [1909]
4.07,TASTE [2190]
4.07,BLUE OR GREEN [2382]
4.07,LENGTH [2537]
4.07,TALK [2708]
4.07,RATTLE [300]
4.07,CLEAVER [3067]
4.07,SLOPE [3076]
4.07,SPILL (SOMETHING) [3130]
4.07,STAB TO DEATH [3189]
4.07,STRIKE [353]
4.07,SHREW [3676]
4.07,WHIRLWIND [3740]
4.08,COLOR [1613]
4.08,SHAMAN (FOLK HEALER) [394]
4.08,GULF [608]
4.08,RESIN [664]
4.09,GROAN [716]
4.09,SCULPTOR [914]
4.1,SLIP [1324]
4.1,KING [1508]
4.1,SEX (GENDER) [2562]
4.1,RINSE [2904]
4.1,PERCH (FISH) [2966]
4.1,STROKE (OF PEN) [2993]
4.1,PELT [3232]
4.1,LEPROSY [3624]
4.1,EXPLODE [3976]
4.1,LEAD (GUIDE) [43]
4.1,BREAK (OF ROPE) [460]
4.1,TIDE [891]
4.11,PRISONER [1072]
4.11,CLIMB [1102]
4.11,WRAP [1113]
4.11,HUSBAND [1200]
4.11,BURNING [1428]
4.11,GREY [153]
4.11,CHECK [1975]
4.11,YOU (OBLIQUE CASE OF YOU) [2312]
4.11,HOME [2406]
4.11,HERDSMAN [263]
4.11,SOLE (FOOT) [2666]
4.11,AIR [27]
4.11,COMPANIONSHIP [2983]
4.11,ELF OR FAIRY [3206]
4.11,LAP [3263]
4.11,STRIKE (SOMETHING) [3309]
4.11,BROKEN [588]
4.11,CATCH [702]
4.11,CONVICT [983]
4.12,BIRCH [1855]
4.12,POTTER [359]
4.13,WIFE [1199]
4.13,VOICE [1363]
4.13,FOLD [1470]
4.13,SWELLING [1903]
4.13,FOLK SONG [2059]
4.13,CIRCUMCISION [393]
4.14,FASTEN [1094]
4.14,MATCH [1133]
4.14,POUR [1487]
4.14,TRIBE [1549]
4.14,NORTH [1598]
4.14,SON [1620]
4.14,FORTY [1716]
4.14,BELCH [2245]
4.14,DROP (OF A LIQUID) [3748]
4.14,PIECE [594]
4.14,EMBRACE [928]
4.15,FALL ASLEEP [1106]
4.15,SCRAPE [1767]
4.15,LIMP [366]
4.15,STAND UP [570]
4.16,SCRATCH [1436]
4.16,CLAP [3110]
4.16,STUTTERER [3367]
4.16,PECK [3684]
4.16,ROLL [827]
4.17,COUNTRY [1300]
4.17,DRAG [2030]
4.17,TROUGH [205]
4.17,ECLIPSE [2285]
4.17,ESTUARY [2286]
4.17,MATERNAL AUNT (MOTHER'S OLDER SISTER) [3042]
4.17,SUNBATHE [3131]
4.17,WARRIOR [3608]
4.17,SNIFF [375]
4.17,SHOUT [715]
4.17,FEED [739]
4.17,WITCH [824]
4.18,FART [1159]
4.18,TWO [1498]
4.18,CHANNEL [2423]
4.18,MASSAGE (SOMEBODY) [3119]
4.18,OVARY [3716]
4.19,WHISTLE [1025]
4.19,BATHE [138]
4.19,FORD (CROSSING) [2818]
4.19,PULSE [3267]
4.19,SPLASH [365]
4.19,KHAKI [3750]
4.19,ADOBE [901]
4.2,WEAVE [133]
4.2,MONTH [1370]
4.2,PEAK [2205]
4.2,SUNNY [2340]
4.2,BOIL (SOMETHING) [2492]
4.2,BRAWL (FIGHT) [2902]
4.2,MASON [877]
4.21,DRIZZLE [1016]
4.21,LAUGH [1355]
4.21,PUSH [1452]
4.21,COAST [1525]
4.21,SUMMIT [1614]
4.21,HIP [1745]
4.21,BAKE [183]
4.21,SOAK (VERB) [2069]
4.21,MAGICIAN [2137]
4.21,LIE DOWN [215]
4.21,DROP (SOMETHING) [2866]
4.21,SUNSHINE [3276]
4.21,SPOT [519]
4.21,LIGHT (RADIATION) [630]
4.21,SHIT (DEFECATE) [676]
4.22,WRITE [1672]
4.22,BUNDLE [2943]
4.22,LAUGHTER [2958]
4.22,VACUUM (SOMETHING) [3135]
4.22,DIP [3697]
4.22,MINISTER [486]
4.22,MEAD [941]
4.23,DIRTY [1230]
4.23,FAMILY [194]
4.23,SHAVE [231]
4.23,STEPMOTHER [236]
4.23,CUTTLEFISH [2814]
4.23,SULPHUR [3386]
4.23,POLISH (SOMETHING) [3659]
4.23,COVER [761]
4.24,WOUND [1109]
4.24,UNCLE [1327]
4.24,RED [156]
4.24,DUSK [2297]
4.24,KNOCK [2396]
4.24,SCABIES [3172]
4.24,HARVEST [611]
4.24,EDGE [863]
4.25,SMALLPOX [1054]
4.25,MACHINE [144]
4.25,SOUR [1906]
4.25,PIKE (FISH) [2967]
4.25,SPARK [518]
4.25,OUTSIDE [762]
4.26,PADDY FIELD [140]
4.26,CHIEFTAIN [301]
4.26,RACKET [3096]
4.26,BLOOM [3287]
4.26,MERCHANDISE [3406]
4.26,SURFACE [547]
4.27,CROUCH [296]
4.27,MALLARD [3610]
4.27,POISON [655]
4.27,CRAWL [96]
4.28,PROSTITUTE [1610]
4.28,NIECE [1642]
4.28,DRIP (EMIT LIQUID) [2253]
4.28,NEW MOON [3691]
4.28,THUNDERY [3760]
4.28,PAINT (PIGMENTS) [647]
4.29,FAUCET [1488]
4.29,SCYTHE [20]
4.29,PETROL [2344]
4.29,BORDER [2546]
4.29,SLAB [2952]
4.29,WEAVER [3637]
4.29,WRINKLED [380]
4.29,DARK [706]
4.3,ELF [1037]
4.3,YELLOW [1424]
4.3,GRANDSON [1618]
4.3,WRINKLE [2294]
4.3,FRAME [2624]
4.3,FISHING [2638]
4.3,BLACK MAN [2806]
4.3,PAW [2965]
4.3,SNARE (TRAP) [3320]
4.3,GROWL [3679]
4.3,FINCH [3721]
4.31,MERCHANT [1082]
4.31,DAY (NOT NIGHT) [1225]
4.31,RUN [1519]
4.31,HICCOUGH [162]
4.31,MAINLAND [166]
4.31,HOT OR WARM [2272]
4.31,ROBBER [3376]
4.31,PLATEAU [3988]
4.31,MUSIC [642]
4.31,KNEEL [66]
4.31,SHOP [746]
4.31,LUNCH [768]
4.32,HAILING [104]
4.32,COOK (SOMETHING) [1100]
4.32,SMOKE (INHALE) [1689]
4.32,DANCE [1879]
4.32,SCREAM (PRODUCE A CRY) [3809]
4.32,HUNCHBACK [99]
4.33,KICK [1135]
4.33,FESTIVAL [131]
4.33,DIG [1418]
4.33,RUB [1449]
4.33,WIDOW [1756]
4.33,GILL [1916]
4.33,ME [2301]
4.33,LADY [2471]
4.33,ANGULAR (SQUAREFORMED) [2757]
4.33,BREASTBONE [2810]
4.33,MARMOT [3719]
4.33,BAREFOOT [3737]
4.33,WATER LEECH [949]
4.34,THUNDER [1150]
4.34,SING [1261]
4.34,LANDSCAPE [2342]
4.34,BURP [2789]
4.34,STARLIGHT [2836]
4.34,WHISPER [55]
4.34,ROOT [670]
4.35,CAMP [1105]
4.35,BIRTHMARK [1751]
4.35,LOTUS [2359]
4.35,WASH (ONESELF) [3371]
4.35,WILLOW [818]
4.36,POET [1045]
4.36,COUGH (ACT OF COUGHING) [3913]
4.36,HUMP [534]
4.36,EMBERS [67]
4.36,BREATH [870]
4.36,WORLD [965]
4.37,THIEF [1160]
4.37,GRANDDAUGHTER [1619]
4.37,SIBLING [1640]
4.37,PINE [1740]
4.37,FOOTPRINT [318]
4.37,SAP [345]
4.37,BADGER [3717]
4.37,WOMB [804]
4.37,STABLE [851]
4.37,FRY [991]
4.37,JOINT [999]
4.38,BLACKSMITH [1001]
4.38,BRAID [1043]
4.38,LOIN [187]
4.38,DEW [1977]
4.38,PANT [3614]
4.38,HERON [758]
4.38,SLAVE [812]
4.39,NURSE [1104]
4.39,STEP [1158]
4.39,BLINK [1655]
4.39,SNORE [1983]
4.39,DRAGON [2038]
4.39,WOLF-LIKE ANIMAL [2461]
4.39,SCALE [266]
4.39,BOIL (OF LIQUID) [792]
4.4,ROAST (SOMETHING) [1962]
4.4,DUST [2]
4.4,CHIME (ACTION) [2897]
4.4,CORAL ROCK [3179]
4.4,DRILL [3423]
4.4,BLEED [3615]
4.4,ADULT [3635]
4.4,PRESIDENT [899]
4.41,CARPENTER [1042]
4.41,HUNTER [1053]
4.41,OLDER BROTHER [1759]
4.41,MOLE [1907]
4.41,PATH [2252]
4.41,KNIT [2905]
4.41,ITEM [2981]
4.41,FILE (TOOL) [3407]
4.41,STINGER [3798]
4.41,BLOND [3872]
4.41,TURQUOISE [3914]
4.41,PORT [610]
4.42,CUCKOO [2934]
4.42,SOLID [3003]
4.42,WHISTLE (INSTRUMENT) [3107]
4.42,PLANTAIN [399]
4.43,CITIZEN [1032]
4.43,BREAKFAST [1322]
4.43,SWIM [1439]
4.43,COW DUNG [3435]
4.43,BROOK [3821]
4.43,MURDERER [3871]
4.43,BROTHER (OF MAN) [559]
4.43,SORCERER [823]
4.44,EAT [1336]
4.44,NAPE (OF NECK) [1347]
4.44,BITE [1403]
4.44,CIRCLE [1467]
4.44,SLEEP [1585]
4.44,HORIZON [2287]
4.44,PRINCE (RULER) [2554]
4.44,BALDHEAD [3415]
4.44,TRANSIT [574]
4.44,BRAKE [966]
4.45,VEIL [1151]
4.45,QUEEN [1306]
4.45,SKY [1732]
4.45,BAIT [2013]
4.45,MALE (OF PERSON) [2261]
4.46,YAWN [1028]
4.46,SONG [1096]
4.46,SPADE [1176]
4.46,WET [1726]
4.46,CARCASS [1770]
4.46,BILE [1780]
4.46,PLOUGH (INSTRUMENT) [2154]
4.46,TRENCH (FOSSE) [2538]
4.46,BIRTH (ACCOUCHEMENT) [2805]
4.46,HATCH (OUT) [3116]
4.46,MAPLE TREE [3248]
4.46,HENHOUSE [3401]
4.46,SAW (SOMETHING) [3543]
4.46,NIGHTINGALE [3723]
4.46,PISS [592]
4.46,DAWN [729]
4.46,WOMAN [962]
4.47,TENDON [1137]
4.47,BODY PART [2213]
4.47,BRONZE [2313]
4.48,SON-IN-LAW [1056]
4.48,CHOP [155]
4.48,BUD [1684]
4.48,MORTAR BINDER [1731]
4.48,BLADDER [1746]
4.48,RIDGE [1748]
4.48,MARROW [1835]
4.48,ARTERY [1925]
4.48,NASAL MUCUS (SNOT) [208]
4.48,BRAN [2362]
4.48,BROWN [2409]
4.48,GRINDSTONE [2459]
4.48,WOMBAT [2841]
4.48,PHLEGM [3061]
4.48,RACK (FOR STORING FOOD) [3176]
4.48,COUNTRYSIDE [3200]
4.48,LENTILS [3330]
4.48,SHEATH [3424]
4.48,CALF OF LEG [498]
4.48,KISS [578]
4.5,MUSCLE [1004]
4.5,LINE [1048]
4.5,STEAM [1193]
4.5,SMILE [1451]
4.5,AXLE [1769]
4.5,LOOM [1787]
4.5,VULVA [1837]
4.5,OINTMENT [1926]
4.5,DITCH [2002]
4.5,GAME [2467]
4.5,SESAME [2797]
4.5,POUCH [2951]
4.5,TIP (OF OBJECT) [2992]
4.5,RINGWORM [3171]
4.5,LYNX [3314]
4.5,LARYNX [3714]
4.5,DINNER (MAIN MEAL) [3829]
4.5,NAKED [590]
4.5,LAGOON [623]
4.5,STORE [752]
4.5,STREAM [947]
4.52,TEACHER [1038]
4.52,DIARRHEA [1177]
4.52,BARK [1204]
4.52,FATHER [1217]
4.52,HEART [1223]
4.52,NIGHT [1233]
4.52,PUS [1808]
4.52,COPPER [1825]
4.52,JUMP [1829]
4.52,NUT [191]
4.52,CROWD [2023]
4.52,MILKY WAY [2289]
4.52,FAT (OF MEAT AND FOOD) [2449]
4.52,ABACUS [2489]
4.52,FUNNEL [2602]
4.52,NOOSE [2604]
4.52,RUST [3064]
4.52,VEST [3140]
4.52,LICK [319]
4.52,STURGEON [3606]
4.52,SLING [387]
4.52,SILVER [759]
4.53,TEMPLES [1604]
4.53,TORNADO [2532]
4.53,NET (FOR CATCHING) [2653]
4.53,SPLIT OPEN [3080]
4.53,LIGHTER [3092]
4.54,SHADE [1388]
4.54,MONEY [1559]
4.54,MOSQUE [1603]
4.54,BEDBUG [1949]
4.54,BUCKWHEAT [2040]
4.54,STEP (VERB) [2065]
4.54,SUNSET [2295]
4.54,SWING (SOMETHING) [2901]
4.54,BRUSH (TEETH) [3109]
4.54,PORCH [3269]
4.54,GROOM [3282]
4.54,SPINNING WHEEL [4009]
4.54,STORM CLOUDS [448]
4.54,SHOEMAKER [875]
4.54,FARMER [979]
4.55,RAM [1344]
4.55,CHAIN [1627]
4.55,PUPIL [1658]
4.55,CUT (WITH KNIFE) [2156]
4.55,BARN OR SHED [3025]
4.55,BE ABLE [972]
4.55,WAVE [978]
4.56,TEAR (SHRED) [1735]
4.56,GRAVE [1773]
4.56,FROST [2034]
4.56,OPIUM [2498]
4.56,INK [2643]
4.56,GIFT [2982]
4.56,SEEDLING [3050]
4.56,SKATE [3129]
4.56,MIDWIFE [3859]
4.56,FRECKLE [530]
4.57,TWINS [1005]
4.57,BOARD [1227]
4.57,HANDLE [1254]
4.57,TICK [1527]
4.57,RAINBOW [1733]
4.57,HYENA [1799]
4.57,WOK [2056]
4.57,FEMALE (OF PERSON) [2260]
4.57,HERB [2542]
4.57,SURF [3132]
4.57,FISHBONE [3799]
4.57,COURTYARD [4]
4.58,CHAIR [1476]
4.58,DYE [157]
4.58,MAIZE [506]
4.58,SPRUCE [545]
4.59,PEPPER [1385]
4.59,LIGHTNING [1654]
4.59,BEGGAR [1934]
4.59,FARM [201]
4.59,MOVIE [216]
4.59,SNOUT [2200]
4.59,STICKING [254]
4.59,GLOBE [2588]
4.59,FLESH OR MEAT [2615]
4.59,WORKER [2977]
4.59,PICTURE (PAINTING) [3303]
4.59,SIEVE (TOOL) [3353]
4.59,PREGNANT (OF ANIMALS) [3827]
4.59,IRON (PRESSING) [4031]
4.59,SAIL [787]
4.59,TESTICLES [797]
4.59,ARCH [876]
4.59,ASPEN [903]
4.59,BARLEY [932]
4.6,MOTHER [1216]
4.6,TOOL [1361]
4.6,GRASSLAND [2819]
4.6,BUBBLE [3689]
4.6,BEVERAGE [731]
4.61,CHILD (YOUNG HUMAN) [1304]
4.61,WATCH [1650]
4.61,CORNER [192]
4.61,RAVINE [1930]
4.61,ROBIN [2402]
4.61,PIG FAT [2557]
4.61,PEEL [275]
4.61,POUND [354]
4.61,ANIMAL [619]
4.61,SOOT [830]
4.61,BOW [994]
4.62,MEAL [1526]
4.62,SIGN [1720]
4.62,CALENDAR [1967]
4.62,SILKWORM [2351]
4.62,HELICOPTER [2580]
4.62,CARP (FISH) [2685]
4.62,CHERRY [2765]
4.62,COOKHOUSE [334]
4.62,HIGH TIDE [613]
4.63,BRIDE [1266]
4.63,DINNER (SUPPER) [1833]
4.63,VEIN [1924]
4.63,CHISEL [1979]
4.63,PLANT STEM [2628]
4.63,SKI [2991]
4.63,ARTICHOKE [3997]
4.63,SHUTTLE [543]
4.63,SEAL [651]
4.63,WILD ANIMAL [958]
4.64,NEIGHBOUR [1332]
4.64,FLY (MOVE THROUGH AIR) [1441]
4.64,BRANCH [1531]
4.64,WHIRLPOOL [1982]
4.64,COLLAR [2012]
4.64,DUNG (ANIMAL FAECES) [2057]
4.64,SPROUT (VERB) [2076]
4.64,BOW STRING [2119]
4.64,VEHICLE [2549]
4.64,SERVANT [255]
4.64,FOWL [265]
4.64,SNOWMAN [3098]
4.64,BUILDING [3396]
4.64,PIRATE [4015]
4.64,HOSPITAL [616]
4.65,GLUE [1069]
4.65,CITRUS FRUIT [1126]
4.65,GRANDMOTHER [1496]
4.65,LOCK [1596]
4.65,HUT [1678]
4.65,QUAIL [1893]
4.65,UNIVERSITY [2435]
4.65,YAK [2477]
4.65,BUTCHER [2569]
4.65,ROBOT [4006]
4.66,SHIELD [1064]
4.66,PIG [1337]
4.66,FOG [249]
4.66,DOMINOES [2594]
4.66,COMPASS [2606]
4.66,POST [281]
4.66,TOUCAN [308]
4.66,ORANGE (COLOR) [3328]
4.66,STAIRS [34]
4.66,JUNGLE [3808]
4.66,AMAZONIAN MANATEE [3995]
4.66,RECORD PLAYER [4004]
4.67,BOLT (OF LIGHTNING) [2007]
4.67,PUDDLE [2290]
4.67,SHEPHERD [2544]
4.67,FLOCK (OF ANIMALS) [2939]
4.67,WARDROBE [3106]
4.67,ARMLET [3149]
4.67,RAG [332]
4.67,COOKING POT [3653]
4.67,BATTERY [662]
4.67,RACCOON [828]
4.67,TAILOR [881]
4.67,FLAME [889]
4.68,BILL [1081]
4.68,BEAVER [1194]
4.68,LIVER [1224]
4.68,PRISON [1281]
4.68,CHAMELEON [1555]
4.68,FIREPLACE [185]
4.68,POCKET [1851]
4.68,WHIP [2630]
4.68,WHETSTONE [295]
4.68,BISON [3142]
4.68,TILE [3404]
4.68,CRANE (DEVICE) [3745]
4.68,LIZARD [632]
4.69,FRESHWATER EEL [1013]
4.69,BALD [1125]
4.69,ULCER [1189]
4.69,TEA [1373]
4.69,STAR [1430]
4.69,BRAIN [1583]
4.69,MAIL [167]
4.69,GENITALIA [198]
4.69,SUNRISE [2296]
4.69,MOTH [2828]
4.69,MUSSELS [2829]
4.69,ELM [3317]
4.69,MEASLES [3389]
4.69,WAREHOUSE [3399]
4.69,PUBIC HAIR [36]
4.69,LILAC [3752]
4.69,LOWER ARM [446]
4.69,PHYSICIAN [597]
4.69,PETROLEUM [650]
4.69,GARBAGE [909]
4.7,BOOMERANG [135]
4.7,ARMY [1561]
4.7,CHEESE [1569]
4.7,SILK [1641]
4.7,SPLEEN [1744]
4.7,DEER [1936]
4.7,BELLY OR STOMACH [2114]
4.7,CHESTNUT [2318]
4.7,GONG [2502]
4.7,LITTLE FINGER [2774]
4.7,CHEETAH [3146]
4.7,BRASS [3743]
4.7,POSTAGE STAMP [596]
4.7,LIVESTOCK [631]
4.7,MARKET [633]
4.7,REED [659]
4.7,REEF [660]
4.7,RODENT [669]
4.7,DOORPOST [80]
4.7,STORM [858]
4.7,TERMITE [883]
4.71,SWEAT (SUBSTANCE) [125]
4.71,SPIT [1440]
4.71,BLISTER [1584]
4.71,SLED [16]
4.71,NAVEL [1838]
4.71,FAN (OBJECT) [1971]
4.71,KINGFISHER [2444]
4.71,BAKER [2568]
4.71,SCAB [2664]
4.71,CLOAK [326]
4.71,HEADDRESS [331]
4.71,ELEPHANT TRUNK [3678]
4.71,PET [3780]
4.71,OSTRICH [3797]
4.71,ALMOND [3815]
4.71,LIGHT SWITCH [4001]
4.71,TATTOO [68]
4.71,SEED [714]
4.71,CLIFF [992]
4.72,RUDDER [108]
4.72,HAND [1277]
4.72,SOUP [1547]
4.72,WAIST [1681]
4.72,STONE (OF FRUIT) [1762]
4.72,SOLDIER [1941]
4.72,LEDGE [2204]
4.72,TRIPOD [2607]
4.72,WIRE [2631]
4.72,BLACKBOARD [3084]
4.72,SLAP [3160]
4.72,STORK [3724]
4.72,CHOCOLATE [3873]
4.72,FISHNET [388]
4.72,HONEYCOMB [3947]
4.72,PILL [395]
4.72,ROLLING PIN [4002]
4.72,GAZELLE [5]
4.72,LIQUID [58]
4.72,MILL [636]
4.72,PERSON [683]
4.72,TROUT [795]
4.72,VALLEY [921]
4.72,STALLION [936]
4.72,YEAST [967]
4.73,BRUISE [1148]
4.73,VULTURE [1185]
4.73,LOUSE [1392]
4.73,FISHERMAN [1858]
4.73,MANE [1918]
4.73,DINGO [2460]
4.73,IGLOO [2592]
4.73,GIRAFFE [3089]
4.73,POSSUM [470]
4.73,GARDEN [586]
4.73,LIQUOR [842]
4.74,RADIO [1315]
4.74,BUZZARD [1865]
4.74,INTESTINES [1991]
4.74,PERSIMMON [2044]
4.74,RYE [23]
4.74,BEEF [2570]
4.74,TRAY [2629]
4.74,HOE [284]
4.74,POSTMAN [3095]
4.74,WEASEL [3384]
4.74,LASSO [340]
4.74,MOUTH [674]
4.74,SINK (BASIN) [915]
4.75,VOMIT [1278]
4.75,SAUCE [132]
4.75,STREET [1362]
4.75,ROOSTER [1511]
4.75,MALE PERSON [2106]
4.75,VOLCANO [2291]
4.75,PATH OR ROAD [2457]
4.75,RHINOCEROS [2591]
4.75,BUSHFIRE [2811]
4.75,PHEASANT [3060]
4.75,TWIG [3222]
4.75,PANDA [3951]
4.75,CABBAGE [774]
4.75,KETTLE [854]
4.75,MARE [938]
4.76,ARMOUR [1061]
4.76,BOY [1366]
4.76,TOWER [1671]
4.76,CLOTHES [1895]
4.76,TORCH [1919]
4.76,FIN [213]
4.76,GECKO [2355]
4.76,ELEPHANT TUSK [2495]
4.76,PIRANHA [317]
4.76,CYPRESS [3243]
4.76,POWDER [3368]
4.76,IVORY [3800]
4.76,ALCOHOL (FERMENTED DRINK) [404]
4.76,FOREST [420]
4.76,BLOOD VESSEL [525]
4.76,PLANT (VEGETATION) [653]
4.76,WEAPONS [951]
4.77,HAMMER [1481]
4.77,CAPE [1662]
4.77,PIMPLE [1809]
4.77,ANCHOR [1870]
4.77,COLUMN [2045]
4.77,STRAW [2299]
4.77,CRICKET [2354]
4.77,PAN [31]
4.77,CROSSBOW [3193]
4.77,EGGSHELL [3857]
4.77,PLATE [480]
4.77,PRIEST [852]
4.77,SPINACH [975]
4.78,YOLK [1556]
4.78,OKRA [1737]
4.78,CHILD (DESCENDANT) [1801]
4.78,TREE STUMP [241]
4.78,RIVERBANK [3463]
4.78,SWEATER [4035]
4.78,MELON [507]
4.78,OAT [60]
4.78,PASTURE [649]
4.78,PUPPY [74]
4.78,OLD WOMAN [907]
4.79,LATCH [1012]
4.79,HOOK [1071]
4.79,DRUMMING [111]
4.79,SHORE [113]
4.79,DAUGHTER [1357]
4.79,MEDICINE [1372]
4.79,ROOM [1450]
4.79,SEA [1474]
4.79,BODY [1480]
4.79,WINE [1524]
4.79,GUNPOWDER [1798]
4.79,CENTIPEDE [1974]
4.79,WILD CAT [2241]
4.79,SEMEN [2283]
4.79,BREADFRUIT [2371]
4.79,CITY [2547]
4.79,SKIN (ANIMAL) [2614]
4.79,FLAG [2623]
4.79,SAUCER [271]
4.79,DOUGH [273]
4.79,PORK [2769]
4.79,EMU [2817]
4.79,RUG [292]
4.79,STRAP [2973]
4.79,CAMPFIRE [2986]
4.79,TURNIP [3062]
4.79,PAINTBRUSH [3094]
4.79,CANNON [3202]
4.79,PANCREAS [3252]
4.79,CUPBOARD [3357]
4.79,PLACENTA [3388]
4.79,SHORE OF SEA [3465]
4.79,GRANARY [3657]
4.79,ELEVATOR [4033]
4.79,WOLF [522]
4.79,DANDRUFF [576]
4.79,PLASTIC [654]
4.79,POLICE [656]
4.79,SCHOOL [673]
4.79,YOUNG MAN [76]
4.79,ROOF [769]
4.79,TRAIN [900]
4.79,COCONUT [970]
4.8,BELLY [1251]
4.8,FLOOR [1632]
4.8,SIT DOWN [1649]
4.8,ARMPIT [1886]
4.8,FORTRESS [1938]
4.8,SUNFLOWER [1956]
4.8,HORSETAIL [2196]
4.8,PRAWNS [238]
4.8,LIBRARY [2428]
4.8,FOOD [256]
4.8,TANK [3102]
4.8,OAR [3137]
4.8,WILD BOAR [3154]
4.8,CELERY [3727]
4.8,SUBMARINE [4022]
4.8,SHELL [598]
4.8,GRAIN [605]
4.8,LOCUST [810]
4.8,LINEN [916]
4.81,GOOSE [1187]
4.81,COFFEE [1299]
4.81,GOLD [1369]
4.81,RING [1374]
4.81,POT [1462]
4.81,FRUIT [1507]
4.81,DOOR [1567]
4.81,MACAW [1630]
4.81,HOLE [1667]
4.81,SCREW [1802]
4.81,TIE [1917]
4.81,CROWN (OF HEAD) [1943]
4.81,MANDARINE [2367]
4.81,CAKE [2408]
4.81,FLAMINGO [3722]
4.81,ALBATROSS [3796]
4.81,AMBULANCE [4013]
4.81,BAY [663]
4.81,ANKLE [803]
4.81,SALMON [944]
4.82,NEWSPAPER [1298]
4.82,SPERM [1505]
4.82,SKIRT [1600]
4.82,FENCE [1690]
4.82,VAGINA [1836]
4.82,SOYA [2027]
4.82,CURTAIN [2621]
4.82,MACHETE [2680]
4.82,GRATE (SOMETHING) [3114]
4.82,GLASS [604]
4.82,LEATHER [629]
4.82,OAK [644]
4.82,LUNG [688]
4.82,YARD [736]
4.82,PEOPLE [789]
4.83,BRICK [1006]
4.83,MOLAR TOOTH [1049]
4.83,BULLET [1114]
4.83,THREAD [1161]
4.83,PALM TREE [1181]
4.83,LEG [1297]
4.83,SUN [1343]
4.83,YOKE [14]
4.83,GUN [1566]
4.83,IGUANA [1578]
4.83,SKULL [1605]
4.83,CHEEK [1730]
4.83,TELEVISION [1788]
4.83,CROCODILE [1857]
4.83,MAT [195]
4.83,HEADGEAR [2130]
4.83,MUROID (MOUSE OR RAT) [2139]
4.83,BEETLE [2242]
4.83,DRAGONFLY [2352]
4.83,SLOTH [2446]
4.83,WATER BUFFALO [2516]
4.83,SEAHORSE [2586]
4.83,TORSO [2667]
4.83,SUNGLASSES [3100]
4.83,FERRY [3733]
4.83,TARANTULA [3886]
4.83,BRAZILIAN CEDAR [3929]
4.83,BLOWGUN [432]
4.83,CUCUMBER [496]
4.83,MUSHROOM [641]
4.83,CLAW [72]
4.83,NIPPLE [796]
4.83,BUTTOCKS [834]
4.83,CANDY [874]
4.83,CHILI PEPPER [919]
4.84,MOTOR [110]
4.84,SCORPION [1538]
4.84,BOMB [1804]
4.84,SLEEVE [2953]
4.84,SACK [2990]
4.84,RAKE (SOMETHING) [3127]
4.84,TRUCK [4011]
4.85,BULL [1008]
4.85,EYEBROW [1173]
4.85,CHARCOAL [1188]
4.85,WALKING STICK [1296]
4.85,GIRL [1646]
4.85,FOAM [1768]
4.85,WOOD [1803]
4.85,SPARROW [1854]
4.85,COLLARBONE [1994]
4.85,DOG [2009]
4.85,HEMP [2041]
4.85,HARP [2597]
4.85,OYSTERS [2830]
4.85,SADDLE [3065]
4.85,MOLD (GET ROTTEN) [3251]
4.85,MANTIS [3279]
4.85,WRISTWATCH [3349]
4.85,SHEARS [356]
4.85,MARSH [3688]
4.85,GRIZZLY BEAR [3738]
4.85,CATFISH [3777]
4.85,POTATO [593]
4.85,SNOW [784]
4.85,ALTAR [853]
4.86,TOWEL [1021]
4.86,CATTLE [1153]
4.86,WING [1257]
4.86,CANDLE [1273]
4.86,DUCK [1360]
4.86,WINDOW [1375]
4.86,GRANDFATHER [1383]
4.86,OTTER [15]
4.86,KANGAROO [164]
4.86,ANTEATER [181]
4.86,SHIN [186]
4.86,PUMA [1891]
4.86,FINGERNAIL OR TOENAIL [1896]
4.86,FISHING LINE [19]
4.86,BAMBOO [1927]
4.86,ANUS [1935]
4.86,CANOE [1970]
4.86,COFFIN [2011]
4.86,FIELD [212]
4.86,CHAFF (HUSK) [2363]
4.86,LOBSTER [2397]
4.86,DIRT [25]
4.86,RAVEN [2543]
4.86,BARREL [2548]
4.86,STETHOSCOPE [2599]
4.86,ACCORDION [2603]
4.86,CARRIAGE [2620]
4.86,ENGINE [2622]
4.86,UMBILICAL CORD [2663]
4.86,JACKET [2770]
4.86,CONE [287]
4.86,TAMBOURINE [3141]
4.86,HAMSTER [3147]
4.86,KIWIFRUIT [3247]
4.86,STOCKING [329]
4.86,BIRD NEST [3549]
4.86,ZEBRA [3675]
4.86,DESERT [3687]
4.86,POMEGRANATE [3732]
4.86,GRAPEVINE [3769]
4.86,MALE CAT [3825]
4.86,ROE DEER [3826]
4.86,WALL [3830]
4.86,TADPOLE [3979]
4.86,GUAVA [3981]
4.86,GOURD [411]
4.86,ANT [587]
4.86,MUD [640]
4.86,OCEAN [645]
4.86,WHEEL [710]
4.86,TRUMPET [775]
4.86,RICE [926]
4.86,BLOOD [946]
4.86,PEBBLES [961]
4.86,WOOL [964]
4.86,HEEL [980]
4.87,FISHHOOK [1074]
4.87,EARTH (SOIL) [1228]
4.87,BOWL [1530]
4.87,FACE [1560]
4.87,APRON [2046]
4.87,METAL [2244]
4.87,CATERPILLAR [2247]
4.87,STEEL [2343]
4.87,RADISH [2365]
4.87,PAPAYA [2445]
4.87,BENCH [2584]
4.87,EARWAX [32]
4.87,PEARL [3325]
4.87,HAY [342]
4.87,BROCCOLI [3726]
4.87,DINOSAUR [4021]
4.87,CORN FIELD [449]
4.87,SHIP [740]
4.87,KNOT [760]
4.87,JAW [798]
4.87,SUGAR [862]
4.87,TIN (METAL) [893]
4.87,TORTOISE [895]
4.88,HARE [1190]
4.88,FAT (FROM ANIMALS) [1282]
4.88,MOSQUITO [1509]
4.88,BEER [1639]
4.88,BEAR [1820]
4.88,DOVE [1853]
4.88,SAUSAGE [1874]
4.88,BEESWAX [1931]
4.88,LOINCLOTH [1965]
4.88,PENCIL [2578]
4.88,TUBE [2956]
4.88,ALUMINIUM [3385]
4.88,SICKLE [341]
4.88,SKUNK [3888]
4.88,MICROPHONE [4014]
4.88,LAKE [624]
4.88,BEE [665]
4.88,HAT [771]
4.88,SPINE [805]
4.88,HONEY [942]
4.88,CIGARETTE [969]
4.88,TOBACCO [974]
4.89,WHEAT [1077]
4.89,CAR [1111]
4.89,NOSTRIL [1178]
4.89,CART [122]
4.89,NOSE [1221]
4.89,SALT [1274]
4.89,TOOTH [1380]
4.89,GUMS [139]
4.89,SUGAR CANE [146]
4.89,KEY [1472]
4.89,JUICE [1499]
4.89,SALIVA [1503]
4.89,CHIN [1510]
4.89,HOOF [152]
4.89,SQUIRREL [1628]
4.89,LICENSE PLATE [1790]
4.89,COIN [1867]
4.89,ANTHILL [1873]
4.89,HAMMOCK [2019]
4.89,CHILD [2099]
4.89,FLEA [232]
4.89,EARTHWORM [2350]
4.89,GARLIC [2368]
4.89,TURKEY [2386]
4.89,BROOM [245]
4.89,WART [2665]
4.89,WATERMELON [2766]
4.89,LEASH [2959]
4.89,RIBBON [2969]
4.89,SHOWER (ACTION) [3128]
4.89,FLOWING BODY OF WATER [3311]
4.89,MIDDLE FINGER [3387]
4.89,MUSH (FOOD) [3651]
4.89,MONGOOSE [3677]
4.89,AVOCADO [3725]
4.89,WINDMILL [3841]
4.89,DIAMOND [3878]
4.89,PISTOL [3881]
4.89,TORTILLA [3991]
4.89,SAILBOAT [4026]
4.89,BABY CARRIAGE [4029]
4.89,FOREFINGER [577]
4.89,GROUNDNUT (PEANUT) [595]
4.89,ICE [617]
4.89,INSECT [620]
4.89,BICYCLE [747]
4.89,CORPSE [767]
4.89,VEGETABLES [924]
4.89,VILLAGE [930]
4.89,VINEGAR [985]
4.9,BUS [1070]
4.9,OLIVE [1154]
4.9,FEATHER [1201]
4.9,FOREHEAD [123]
4.9,BUTTER [1245]
4.9,EYE [1248]
4.9,JAGUAR [1250]
4.9,MOON [1313]
4.9,MONKEY [1350]
4.9,KNIFE [1352]
4.9,BONE [1394]
4.9,BOX [1465]
4.9,RAZOR [151]
4.9,HEN [1514]
4.9,CLOTH [1616]
4.9,FOAL [1647]
4.9,BUSH [1683]
4.9,TABLE [1775]
4.9,BEAD [1860]
4.9,ARMADILLO [1885]
4.9,SPECTACLES [1898]
4.9,STINGRAY [1910]
4.9,PEA [2025]
4.9,POND [2035]
4.9,PEACH [2043]
4.9,STOOL [2058]
4.9,FIREFLY [206]
4.9,FOOT OR LEG [2098]
4.9,CUT (WITH SCISSORS) [2155]
4.9,CRAB [2348]
4.9,BAG [2468]
4.9,BEDROOM [2505]
4.9,DARTS [2587]
4.9,HARMONICA [2590]
4.9,CARD [2619]
4.9,COCONUT SHELL LADLE [2649]
4.9,STARFISH [3032]
4.9,GUITAR [3090]
4.9,LIPSTICK [3093]
4.9,SOFA [3099]
4.9,BRANCH OR TWIG [3223]
4.9,FALCON [3258]
4.9,WEED [3288]
4.9,PITCHFORK [337]
4.9,PREPARED FOOD [3542]
4.9,ROSE [3882]
4.9,PIANO (INSTRUMENT) [3994]
4.9,SANDWICH [4008]
4.9,TOASTER [4010]
4.9,CLOWN [4020]
4.9,UPPER LEG (THIGH) [471]
4.9,MOSS [637]
4.9,BELT [772]
4.9,RIB [801]
4.9,SCREWDRIVER [836]
4.9,PUMPKIN [864]
4.9,PARAKEET [886]
4.9,WATERFALL [943]
4.9,BOOK [963]
4.91,BOTTLE [1321]
4.91,SOCK [1522]
4.91,GRASSHOPPER [607]
4.91,STONE [857]
4.92,BABOON [1197]
4.92,BREAD [1368]
4.92,HELMET [1680]
4.92,SHOULDERBLADE [172]
4.92,MAST [184]
4.92,REINDEER [1876]
4.92,CASHEW [2441]
4.92,GINGER [2500]
4.92,SPINDLE [277]
4.92,BALLOON [3083]
4.92,LADYBUG [3139]
4.92,PADLOCK [336]
4.92,COTTON WOOL [3442]
4.92,EYEBALL [3807]
4.92,BATHTUB [4027]
4.92,MILK [635]
4.92,PIN [64]
4.92,ASH [646]
4.92,SHRUB [751]
4.92,PUPIL (STUDENT) [753]
4.92,PEN [794]
4.93,FIREWOOD [10]
4.93,STATUE [1002]
4.93,SHARK [1110]
4.93,URINE [1142]
4.93,TONGUE [1205]
4.93,ROPE [1218]
4.93,FINGERNAIL [1258]
4.93,NEEDLE (FOR SEWING) [1382]
4.93,TOE [1389]
4.93,CLAY [1399]
4.93,FIST [1473]
4.93,SHOULDER [1482]
4.93,POSTCARD [1497]
4.93,SWORD [1535]
4.93,SNAIL [1543]
4.93,CHEST [1592]
4.93,ELK [1772]
4.93,BUTTERFLY [1791]
4.93,HEDGEHOG [1797]
4.93,BOAT [1844]
4.93,CAMEL [1871]
4.93,TOY [2403]
4.93,OFFICE [2430]
4.93,WOODPECKER [2447]
4.93,CHICK [2512]
4.93,OIL (FROM PLANTS) [2555]
4.93,OIL (HYDROPHOBIC LIQUID) [2556]
4.93,PIGLET [2564]
4.93,WREATH [2589]
4.93,BULB [2617]
4.93,MAP [2625]
4.93,FINGERTIP [2773]
4.93,MOSQUITO NET [2795]
4.93,KNUCKLE [2824]
4.93,RUM [2833]
4.93,CRADLE [2946]
4.93,COMPUTER [3086]
4.93,ENVELOPE [3088]
4.93,OPOSSUM [309]
4.93,HIPPOPOTAMUS [3145]
4.93,MUSTARD [3181]
4.93,CLITORIS [3257]
4.93,GRAVEYARD [3284]
4.93,PICTURE (PHOTOGRAPH) [3304]
4.93,PEG [361]
4.93,GUINEA PIG [3718]
4.93,RASPBERRY [3803]
4.93,DENTIST [3876]
4.93,LAWN [3990]
4.93,ROCKING CHAIR [3999]
4.93,PLIERS [4003]
4.93,JELLYFISH [4017]
4.93,CIGAR [4019]
4.93,YAM [410]
4.93,CRAYFISH [467]
4.93,DRESS [474]
4.93,NAIL (TOOL) [502]
4.93,GRASS [606]
4.93,PAPER [648]
4.93,OWL [735]
4.93,SOAP [788]
4.93,WRIST [799]
4.93,TROUSERS [809]
4.93,BLADE [869]
4.93,BEEHIVE [88]
4.93,ANACONDA (WATER BOA) [896]
4.93,BERRY [904]
4.93,CROW [913]
4.93,PEAR [922]
4.94,SHIRT [1622]
4.94,PINEAPPLE [2440]
4.96,JEWEL [1029]
4.96,SWAMP [1145]
4.96,CAVE [1155]
4.96,MOUSTACHE [1165]
4.96,TAIL [1220]
4.96,TENT [1316]
4.96,SPOON [1378]
4.96,TELEPHONE [1379]
4.96,LION [1386]
4.96,DOLPHIN [1479]
4.96,FLY (INSECT) [1504]
4.96,WASP [1517]
4.96,PYTHON [1563]
4.96,COCKROACH [1575]
4.96,ALLIGATOR [1581]
4.96,HUMMINGBIRD [1589]
4.96,AIRPLANE [1597]
4.96,ANVIL [1648]
4.96,BRACELET [1754]
4.96,THUMB [1781]
4.96,EARLOBE [18]
4.96,NECKLACE [1961]
4.96,MASK [2005]
4.96,BUCKET [2052]
4.96,ARM OR HAND [2121]
4.96,BELL [2246]
4.96,METEOROID (SHOOTING OR SHINING STAR) [2288]
4.96,"LID (COVER, CAP) [2319]"
4.96,PYRAMID [2600]
4.96,ASPARAGUS [2605]
4.96,JUG [270]
4.96,BLUEBERRY [2809]
4.96,SWAN [2837]
4.96,SMOKE (EMIT SMOKE) [2859]
4.96,GATE [2940]
4.96,THERMOMETER [3104]
4.96,HORNET [3261]
4.96,CHIMPANZEE [3734]
4.96,GRAPEFRUIT OR POMELO [3804]
4.96,CRANBERRY [3840]
4.96,SHOTGUN [3948]
4.96,BLOUSE [4018]
4.96,VIOLIN [4023]
4.96,GARBAGE CAN [4036]
4.96,PELICAN [472]
4.96,LIP [478]
4.96,KIDNEY [489]
4.96,BOOT [585]
4.96,ISLAND [622]
4.96,MOUNTAIN [639]
4.96,FAECES (EXCREMENT) [675]
4.96,BEARD [678]
4.96,BEAK [73]
4.96,SHELF [745]
4.96,BUTTON [757]
4.96,EARRING [770]
4.96,STOVE [859]
4.96,DRUM [908]
4.96,COYOTE [912]
4.96,WHALE [957]
4.96,ACORN [968]
4.96,NOODLE [973]
4.96,LIME (FRUIT) [982]
4.97,BRIDGE [1011]
4.97,SPIDER WEB [1065]
4.97,OVEN [1143]
4.97,AUBERGINE [1146]
4.97,MIRROR [1171]
4.97,CAT [1208]
4.97,FOX [1312]
4.97,THROAT [1346]
4.97,KITCHEN [1365]
4.97,SHOE [1381]
4.97,FLOUR [1594]
4.97,ARM [1673]
4.97,COTTON [1850]
4.97,SHOVEL [1901]
4.97,SOYA SAUCE [1968]
4.97,YOUNG GOAT (KID) [1972]
4.97,WALNUT [2042]
4.97,RAINING OR RAIN [2108]
4.97,TORCH OR LAMP [2131]
4.97,TOILET [219]
4.97,LARVA [2640]
4.97,SKELETON [2668]
4.97,HAIR OR FUR [2678]
4.97,SCARF OR TURBAN [3066]
4.97,MOP (SOMETHING) [3120]
4.97,GORILLA [3144]
4.97,FIG [322]
4.97,HORSEFLY [3262]
4.97,PONCHO [327]
4.97,TREE TRUNK [344]
4.97,LETTUCE [3729]
4.97,APRICOT [3730]
4.97,POCKETKNIFE [3742]
4.97,SUITCASE [4005]
4.97,ASHTRAY [4028]
4.97,DOORKNOB [4030]
4.97,COAT [603]
4.97,MOTORCYCLE [638]
4.97,EGG [744]
4.97,SUIT [764]
4.97,RAFTER [829]
4.97,SPIDER [843]
4.97,GLOVE [867]
4.97,ARROW [977]
5.0,HANDKERCHIEF [1020]
5.0,BUG [1027]
5.0,PILLOW [1044]
5.0,MATTRESS [105]
5.0,LEOPARD [1139]
5.0,PENIS [1222]
5.0,THORN [124]
5.0,EAR [1247]
5.0,HOUSE [1252]
5.0,BABY [1289]
5.0,ELEPHANT [1290]
5.0,FINGER [1303]
5.0,CHIMNEY [1305]
5.0,APPLE [1320]
5.0,CLOCK [1323]
5.0,NECK [1333]
5.0,KNEE [1371]
5.0,BREAST [1402]
5.0,LADDER [1464]
5.0,BASKET [1539]
5.0,UDDER [154]
5.0,EYELASH [1540]
5.0,SWEET POTATO [159]
5.0,DOLL [1659]
5.0,BED [1663]
5.0,RAFT [1664]
5.0,EYELID [17]
5.0,BAT [1793]
5.0,DANDELION [1800]
5.0,BALL [1845]
5.0,DONKEY [1862]
5.0,EAGLE [1905]
5.0,CHOPSTICKS [1987]
5.0,GET TIRED [1996]
5.0,QUILT [2048]
5.0,DUSTPAN [2051]
5.0,COMB (VERB) [2070]
5.0,CORAL SNAKE [2240]
5.0,LEAF (LEAFLIKE OBJECT) [2250]
5.0,FISH [227]
5.0,FLOWER [239]
5.0,MANGO [2398]
5.0,PORCUPINE [2510]
5.0,BEAN OR PEA [2574]
5.0,TOOTHBRUSH [2579]
5.0,OCTOPUS [2581]
5.0,CACTUS [2595]
5.0,CAMERA [2618]
5.0,CAPRINE (GOAT OR SHEEP) [2684]
5.0,LADDER OR STAIRS [2689]
5.0,TONGS [272]
5.0,SHAWL [2771]
5.0,PENGUIN [2831]
5.0,CAULIFLOWER [2843]
5.0,GRAVEL [3028]
5.0,CARROT [3085]
5.0,LEMON [3091]
5.0,SEWING MACHINE [3097]
5.0,TENNIS BALL [3103]
5.0,UMBRELLA [3105]
5.0,STRAWBERRY [3138]
5.0,POLAR BEAR [3143]
5.0,MEERKAT [3148]
5.0,CAGE [3283]
5.0,HEADBAND [330]
5.0,PEACOCK [3382]
5.0,BEACH [3460]
5.0,ANTELOPE [3674]
5.0,FULL MOON [3690]
5.0,RAINCOAT [3712]
5.0,VASE [3746]
5.0,FERN [3802]
5.0,HINNY [3824]
5.0,REFRIGERATOR [3952]
5.0,SARDINE [3992]
5.0,IRONING BOARD [3998]
5.0,LIGHTBULB [4000]
5.0,WALRUS [4007]
5.0,TELESCOPE [4012]
5.0,MICROSCOPE [4016]
5.0,SAXOPHONE [4024]
5.0,LANTERN [4025]
5.0,KITE (TOY) [4032]
5.0,CUP [476]
5.0,FROG [503]
5.0,HORSE [615]
5.0,AXE [677]
5.0,SNAKE [730]
5.0,FLUTE [777]
5.0,BLANKET [806]
5.0,TIGER [846]
5.0,RATTLESNAKE [871]
5.0,PARROT [882]
5.0,TOAD [894]
5.0,TREE [906]
5.0,GRAPE [920]
5.0,BIRD [937]
5.0,HORN (INSTRUMENT) [939]
5.0,SPEAR [945]
5.0,SEAGULL [950]
5.0,ELBOW [981]
5.0,TOMATO [986]
