concreteness,concept,n_etyma,n_neighbours
1.19,PERHAPS,18.0,15.0
1.22,BECAUSE,44.0,167.0
1.25,HOPE,32.0,60.0
1.33,ENOUGH,35.0,113.0
1.33,UNTIL,29.0,85.0
1.33,GOOD LUCK,10.0,11.0
1.35,HOW,79.0,328.0
1.39,YET,25.0,98.0
1.41,CONCEPT,6.0,13.0
1.43,VERY,107.0,608.0
1.44,THEN,47.0,152.0
1.47,THEORY,6.0,20.0
1.48,NOW,74.0,236.0
1.48,INSTEAD,10.0,33.0
1.48,PASSIONATE,13.0,17.0
1.5,EXPERIENCED,15.0,28.0
1.52,COURAGE,42.0,101.0
1.52,JUST,53.0,223.0
1.53,FATE,33.0,95.0
1.53,IMAGINE,21.0,75.0
1.54,BECOME,85.0,371.0
1.54,SYMPATHIZE,7.0,31.0
1.54,REVENGE,8.0,23.0
1.54,WHICH,56.0,96.0
1.54,THAT,113.0,178.0
1.54,INNOCENT,14.0,36.0
1.55,AMAZING,8.0,16.0
1.55,BELIEVE,46.0,115.0
1.55,WHILE,44.0,131.0
1.59,NEVER,13.0,13.0
1.59,SPLENDOR,20.0,55.0
1.6,WHEN,53.0,153.0
1.61,IDEA,38.0,155.0
1.61,KEEN,23.0,86.0
1.62,PEACE,29.0,94.0
1.62,HARDLY,7.0,8.0
1.62,SUSPICION,16.0,37.0
1.62,MANNER,63.0,293.0
1.64,GOOD,136.0,440.0
1.64,DELIGHT,27.0,35.0
1.64,ALREADY,22.0,50.0
1.66,HONEST,33.0,155.0
1.66,WHERE,40.0,86.0
1.66,PRIDE,18.0,32.0
1.67,HOLY,38.0,91.0
1.68,JUDGMENT,23.0,77.0
1.68,BAD,110.0,340.0
1.68,DECEIVE,53.0,128.0
1.68,ANXIOUS,19.0,26.0
1.68,CERTAIN,36.0,94.0
1.68,OFFEND,17.0,42.0
1.69,IN VAIN,7.0,25.0
1.69,DILIGENT,8.0,8.0
1.69,ENVY,21.0,27.0
1.7,TRUE,68.0,263.0
1.71,ALWAYS,21.0,72.0
1.71,RELIGION,16.0,56.0
1.72,LOGIC,3.0,1.0
1.72,SUFFICE,29.0,161.0
1.73,KNOWLEDGE,40.0,163.0
1.73,INSOLENT,8.0,12.0
1.74,WHO,58.0,171.0
1.74,SORROWFUL,16.0,66.0
1.74,RECOMMEND,8.0,13.0
1.74,KINDNESS,18.0,67.0
1.75,STUPID,85.0,263.0
1.75,SEEM,29.0,107.0
1.75,CURIOUS,7.0,17.0
1.77,SOMETIMES,8.0,19.0
1.78,ATTENTIVE,5.0,3.0
1.78,HAPPEN,86.0,422.0
1.79,CLEVER,45.0,145.0
1.79,OBSTINATE,21.0,37.0
1.79,SOON,31.0,43.0
1.79,OPPOSITE,27.0,73.0
1.8,NECESSARY,14.0,62.0
1.8,JEALOUSY,18.0,22.0
1.8,AGAINST,44.0,147.0
1.8,EFFECT,29.0,167.0
1.81,ABILITY,24.0,66.0
1.81,CAREFUL,18.0,45.0
1.82,CONTEMPT,12.0,22.0
1.82,SADNESS,10.0,49.0
1.83,WRONG,42.0,150.0
1.83,AFFORD,5.0,17.0
1.84,SUDDENLY,15.0,21.0
1.84,FROM,62.0,196.0
1.85,MEANING,28.0,192.0
1.85,NERVOUS,11.0,14.0
1.86,WHY,18.0,31.0
1.86,FUTURE,17.0,34.0
1.86,STRANGE,37.0,110.0
1.86,SOUL,72.0,218.0
1.87,PITY,25.0,63.0
1.87,PURE,71.0,217.0
1.89,LIKE,122.0,523.0
1.89,NOBLE,53.0,254.0
1.89,DEPEND,18.0,35.0
1.9,REGRET,25.0,63.0
1.91,UNPLEASANT,25.0,58.0
1.92,FORGIVE,20.0,41.0
1.92,DECIDE,29.0,110.0
1.93,WANT,73.0,209.0
1.93,REASON,64.0,384.0
1.93,DISAPPOINTMENT,3.0,
1.93,DEPRESSED,10.0,46.0
1.93,EVIL,79.0,237.0
1.93,INFRINGE,5.0,5.0
1.96,TRUTH,26.0,107.0
1.96,BEFORE,69.0,208.0
1.96,RARE,20.0,39.0
1.96,MIRACLE,15.0,50.0
1.96,COWARDLY,16.0,23.0
1.96,CONDEMN,12.0,10.0
1.96,SKILLED,18.0,30.0
1.96,FORBID,18.0,28.0
1.96,FAME,39.0,147.0
1.96,REMAIN,52.0,151.0
1.97,VULGAR,14.0,25.0
1.97,MISTAKE,26.0,50.0
1.97,HATE,33.0,45.0
1.97,EXPLAIN,34.0,118.0
1.97,FRESH,66.0,200.0
1.97,THOUGHT,60.0,245.0
1.97,WISE,39.0,175.0
2.0,WHAT,67.0,109.0
2.0,WITH,83.0,247.0
2.0,OBSCURE,27.0,63.0
2.0,STINGY,23.0,32.0
2.0,AGAIN,51.0,162.0
2.0,EVERYWHERE,6.0,2.0
2.0,PRECIOUS,13.0,19.0
2.0,MANAGE,36.0,178.0
2.0,EMOTIONAL,3.0,
2.0,IDENTITY,4.0,3.0
2.0,ENDURE,63.0,247.0
2.03,FAMILIAR,27.0,107.0
2.04,CONCEIVE,15.0,31.0
2.04,TOMORROW,40.0,41.0
2.04,FORGET,28.0,48.0
2.04,OTHER,82.0,91.0
2.04,FREE,52.0,180.0
2.04,POWER,102.0,348.0
2.04,MISERY,18.0,43.0
2.04,TAME,30.0,50.0
2.04,INHERIT,15.0,22.0
2.04,BUT,57.0,161.0
2.04,UNHAPPY,10.0,13.0
2.07,PROUD,29.0,75.0
2.07,TRAGEDY,2.0,
2.07,DEITY,26.0,45.0
2.07,PERSUADE,10.0,12.0
2.07,OWE,102.0,348.0
2.07,BRILLIANT,19.0,41.0
2.07,BAD LUCK,12.0,12.0
2.07,EASY,40.0,116.0
2.07,READY,37.0,184.0
2.07,FATHOM,18.0,32.0
2.07,BORING,8.0,8.0
2.07,LOVE,100.0,367.0
2.08,NOT,67.0,105.0
2.08,CONDUCT,41.0,225.0
2.09,PROMISE,37.0,96.0
2.11,BEWITCH,18.0,21.0
2.11,CHEAP,13.0,9.0
2.11,PRETEND,14.0,51.0
2.11,CRUEL,39.0,157.0
2.11,DISGRACE,14.0,21.0
2.12,AFTER,47.0,153.0
2.12,CUNNING,33.0,97.0
2.12,DESPISE,13.0,16.0
2.13,DANGEROUS,29.0,77.0
2.13,MUST,26.0,92.0
2.13,ACQUIT,1.0,
2.14,THIS,73.0,78.0
2.14,YES,37.0,38.0
2.14,IMPORTANT,44.0,177.0
2.14,AFTERWARDS,22.0,56.0
2.14,FLATTER,21.0,21.0
2.14,GROW UP,17.0,44.0
2.15,WITHOUT,38.0,123.0
2.16,BEAUTIFUL,58.0,146.0
2.17,BETRAY,20.0,52.0
2.17,REJOICE,20.0,17.0
2.17,JEALOUS,30.0,86.0
2.17,POWERFUL,55.0,296.0
2.17,MOURNING,11.0,11.0
2.17,TRIUMPH,12.0,23.0
2.18,FORMER,33.0,65.0
2.18,STUBBORN,32.0,76.0
2.18,HAVE,93.0,417.0
2.19,SECRET,43.0,92.0
2.19,THOU,60.0,245.0
2.19,RESEMBLE,21.0,78.0
2.19,DISGUST,14.0,7.0
2.19,RUMINATE,4.0,1.0
2.19,DISOBEDIENT,5.0,2.0
2.19,DETECT,6.0,19.0
2.2,FAITHFUL,14.0,66.0
2.2,THERE,64.0,90.0
2.2,LEARN,54.0,184.0
2.2,DENY,23.0,41.0
2.21,ANXIETY,21.0,35.0
2.21,DISGUSTING,10.0,10.0
2.21,GOODBYE,7.0,11.0
2.21,GOVERN,30.0,103.0
2.21,DIFFICULT,84.0,263.0
2.21,NOTHING,22.0,42.0
2.22,PERJURY,1.0,
2.22,TRY,89.0,277.0
2.22,AGREEMENT,21.0,43.0
2.22,IGNORE,21.0,43.0
2.23,DREADFUL,10.0,20.0
2.24,SHAME,36.0,27.0
2.24,HOSTILITY,11.0,12.0
2.24,DISCIPLINE,12.0,25.0
2.25,BEGET,22.0,53.0
2.25,LOSE,138.0,328.0
2.25,MONDAY,3.0,2.0
2.25,ACCUSE,37.0,119.0
2.25,DEAR,32.0,91.0
2.25,BENEFIT,27.0,125.0
2.25,GENEROUS,19.0,34.0
2.25,EARLY,32.0,65.0
2.26,BRAVE,54.0,202.0
2.26,ALLOW,69.0,46.0
2.26,PROVERB,10.0,17.0
2.26,PLAIN,63.0,169.0
2.27,INVESTIGATE,26.0,70.0
2.28,SUFFER,63.0,219.0
2.28,UNDERSTAND,81.0,327.0
2.28,DARE,22.0,41.0
2.28,GUESS,24.0,66.0
2.28,OVERCOME,47.0,143.0
2.28,WANDER,32.0,97.0
2.29,LOVELY,16.0,39.0
2.3,IMMEDIATELY,24.0,55.0
2.3,CONJURE,4.0,5.0
2.31,DEFEND,25.0,51.0
2.31,SPARSE,13.0,31.0
2.31,LAVISH,5.0,4.0
2.31,AGREE,49.0,163.0
2.32,BOAST,25.0,46.0
2.32,ADMIT,13.0,22.0
2.32,NOBODY,9.0,18.0
2.32,EXCITED,14.0,34.0
2.33,SUCCEED,35.0,163.0
2.33,GRIEVE,25.0,49.0
2.33,CONFUSED,30.0,42.0
2.34,PREVENT,29.0,69.0
2.34,AUTHORITY,32.0,131.0
2.34,ROAD,61.0,135.0
2.35,LANGUAGE,73.0,141.0
2.36,GUILTY,9.0,23.0
2.36,PREPARE,49.0,163.0
2.36,FALSE,19.0,34.0
2.37,DECEIT,21.0,24.0
2.37,KEEP,78.0,306.0
2.37,MORE,52.0,138.0
2.37,JOY,45.0,128.0
2.38,MEMORY,28.0,73.0
2.38,GIVE,120.0,401.0
2.38,IMPATIENT,3.0,
2.39,CEASE,46.0,150.0
2.39,DEPRESSION,10.0,7.0
2.39,FRIENDSHIP,13.0,44.0
2.39,EARN,54.0,184.0
2.39,CURSE,41.0,48.0
2.4,GOOD-LOOKING,9.0,36.0
2.41,MAIN,52.0,151.0
2.41,FAULT,38.0,72.0
2.41,ONLY,59.0,142.0
2.41,BUSY,17.0,37.0
2.41,AVOID,35.0,120.0
2.41,METHOD,34.0,137.0
2.41,CURE,29.0,60.0
2.41,REMEMBER,49.0,192.0
2.41,ANGER,82.0,183.0
2.41,HELL,70.0,113.0
2.42,MY,40.0,123.0
2.43,SEVERE,42.0,199.0
2.43,CAUSE,92.0,553.0
2.45,WIDE,77.0,139.0
2.45,SWEAR,26.0,27.0
2.45,AFFAIR,28.0,125.0
2.46,SIMILAR,35.0,80.0
2.46,SMART,35.0,126.0
2.46,HESITATE,21.0,43.0
2.46,PUNISHMENT,20.0,43.0
2.48,SOME,49.0,126.0
2.48,DEFECT,18.0,47.0
2.48,COMMAND,69.0,274.0
2.48,EXCITEMENT,6.0,6.0
2.5,FOREIGN,21.0,29.0
2.5,DIMINISH,22.0,55.0
2.5,MIND,120.0,496.0
2.5,SURPRISED,12.0,13.0
2.5,OFTEN,19.0,29.0
2.5,MERRY,10.0,25.0
2.5,COST,37.0,154.0
2.5,RIDDLE,11.0,9.0
2.5,SCARED,12.0,14.0
2.51,MARRIAGE,18.0,26.0
2.52,RUDE,16.0,44.0
2.52,GLOOMY,27.0,67.0
2.52,LAME,59.0,133.0
2.52,COMPARE,22.0,27.0
2.52,SHY,31.0,40.0
2.52,MAKE,191.0,774.0
2.53,LEAVE,134.0,513.0
2.53,ANGRY,81.0,212.0
2.53,GENTLE,45.0,131.0
2.54,ABANDON,41.0,122.0
2.54,EXACT,20.0,98.0
2.54,TASTELESS,15.0,24.0
2.54,OFFICIAL,13.0,39.0
2.54,SOCIETY,15.0,38.0
2.55,WORRY,39.0,114.0
2.55,VICTORY,9.0,15.0
2.56,NEXT,23.0,85.0
2.56,HAPPY,48.0,116.0
2.56,EQUAL,60.0,180.0
2.56,HELP,65.0,155.0
2.57,APPEARANCE,58.0,290.0
2.57,LAW,56.0,73.0
2.57,MANY,78.0,151.0
2.57,TODAY,26.0,42.0
2.57,RULE,74.0,260.0
2.57,PRESERVE,27.0,91.0
2.57,JOURNEY,41.0,231.0
2.57,INSERT,51.0,147.0
2.59,BESIDE,17.0,16.0
2.59,SUSPECT,17.0,23.0
2.59,CONTENT,17.0,58.0
2.6,DREAM,52.0,37.0
2.6,HAPPINESS,37.0,88.0
2.6,RITE,51.0,104.0
2.6,GALL BLADDER,20.0,13.0
2.6,COMPLAIN,43.0,107.0
2.6,BE LATE,7.0,19.0
2.61,INCREASE,70.0,221.0
2.61,COMMEND,8.0,13.0
2.62,CHOOSE,44.0,125.0
2.62,WORSHIP,37.0,78.0
2.62,CHARITY,5.0,13.0
2.63,THREATEN,24.0,16.0
2.63,SURRENDER,15.0,35.0
2.63,WEALTH,51.0,147.0
2.63,HANDSOME,18.0,52.0
2.63,FIND,63.0,176.0
2.63,HURRY,26.0,47.0
2.64,FLEXIBLE,18.0,37.0
2.64,RECOVER,27.0,74.0
2.64,SAME,26.0,88.0
2.64,GREEDY,32.0,35.0
2.64,INTACT,10.0,22.0
2.66,IMITATE,25.0,89.0
2.66,FORWARD,23.0,64.0
2.66,PUNISH,30.0,57.0
2.67,MIDDAY,17.0,16.0
2.67,LAZY,33.0,61.0
2.67,OBEY,51.0,155.0
2.67,DIALECT,10.0,22.0
2.67,LOST,28.0,75.0
2.68,CUSTOM,51.0,158.0
2.68,DANGER,29.0,77.0
2.68,PROBLEM,34.0,61.0
2.68,DECREASE,20.0,38.0
2.68,BLESS,17.0,32.0
2.69,OMEN,49.0,117.0
2.69,LIFE,92.0,320.0
2.69,TRANSLATE,17.0,35.0
2.7,SEND,48.0,190.0
2.7,GRIEF,35.0,151.0
2.7,POOR,61.0,226.0
2.71,FAR,48.0,92.0
2.71,ABUSE,17.0,13.0
2.72,DEBT,32.0,34.0
2.72,BETWEEN,28.0,70.0
2.73,CARE FOR,28.0,86.0
2.73,SURPASS,31.0,88.0
2.74,APPROACH,62.0,202.0
2.74,TOGETHER,52.0,153.0
2.74,EXCHANGE,26.0,56.0
2.74,CALCULATE,23.0,34.0
2.74,AMOUNT,31.0,89.0
2.74,POISONOUS,13.0,25.0
2.75,GATHER,90.0,265.0
2.76,QUIET,59.0,147.0
2.76,STRAIGHT,49.0,118.0
2.76,MAD,22.0,67.0
2.76,FIRST,73.0,236.0
2.77,SLEEPY,12.0,11.0
2.78,HINDER,44.0,95.0
2.79,ORDER,107.0,464.0
2.79,ARRANGE,47.0,225.0
2.79,WEAK,82.0,205.0
2.79,OATH,26.0,41.0
2.79,NEAR,89.0,220.0
2.79,TOWARDS,49.0,191.0
2.79,IDLE,31.0,70.0
2.79,INSULT,27.0,30.0
2.79,SURNAME,8.0,2.0
2.79,RICH,36.0,118.0
2.79,ADULTERY,8.0,10.0
2.8,SACRIFICE,36.0,87.0
2.8,HELLO,7.0,6.0
2.8,RELATIONSHIP,6.0,1.0
2.81,NEW,52.0,71.0
2.81,ENCIRCLE,30.0,34.0
2.83,PURSUE,47.0,142.0
2.83,ENEMY,34.0,68.0
2.83,DONATE,8.0,31.0
2.83,CALM,59.0,137.0
2.85,RESULT,46.0,241.0
2.86,ZERO,3.0,1.0
2.86,JOIN,70.0,197.0
2.86,TASTY,34.0,70.0
2.86,ALONE,37.0,87.0
2.86,PROTECT,64.0,144.0
2.86,LEVEL,72.0,249.0
2.86,DISAPPEAR,56.0,141.0
2.86,SOBER,5.0,
2.87,REVOLUTION,5.0,1.0
2.88,CONNECT,27.0,49.0
2.88,GOVERNMENT,15.0,54.0
2.89,ANSWER,31.0,52.0
2.89,FINISH,82.0,218.0
2.9,RABID,3.0,5.0
2.9,JOKE,16.0,14.0
2.9,MAGIC,22.0,29.0
2.9,DISPUTE,24.0,59.0
2.9,REPEAT,29.0,42.0
2.9,THROUGH,36.0,119.0
2.92,NATURE,51.0,277.0
2.93,CHARACTER,73.0,385.0
2.93,COWARD,16.0,23.0
2.93,TWICE,16.0,23.0
2.93,FIX,53.0,293.0
2.93,PROCESS,8.0,27.0
2.93,THEY,39.0,72.0
2.93,BITTER,47.0,83.0
2.94,SYSTEM,18.0,74.0
2.96,BORE,28.0,44.0
2.96,STRENGTH,98.0,331.0
2.96,BEG,63.0,321.0
2.96,GREET,19.0,27.0
2.96,DEFEAT,38.0,104.0
2.96,SHARE,54.0,114.0
2.97,SAY,122.0,309.0
2.97,SICK,58.0,173.0
2.97,GIVE BACK,9.0,33.0
3.0,YESTERDAY,37.0,38.0
3.0,COUNT,89.0,277.0
3.0,LOOK FOR,42.0,86.0
3.0,INVITE,43.0,82.0
3.0,MOTIONLESS,3.0,13.0
3.0,TIRED,46.0,104.0
3.0,MEET,57.0,195.0
3.0,ADD,49.0,144.0
3.0,FODDER,15.0,13.0
3.0,LEAN,93.0,208.0
3.0,GOSSIP,25.0,44.0
3.0,FAIL,49.0,139.0
3.0,STRAIN,34.0,103.0
3.03,CRIME,21.0,60.0
3.03,THURSDAY,3.0,
3.03,MARRY,58.0,215.0
3.03,RETREAT,16.0,29.0
3.03,GROW,99.0,408.0
3.03,COMPOUND,13.0,18.0
3.04,NARROW,68.0,134.0
3.04,EAST,99.0,95.0
3.04,FOURTEEN,2.0,
3.04,AUGUST,5.0,6.0
3.04,DISTURB,26.0,81.0
3.04,LORD,65.0,209.0
3.04,FELT,9.0,34.0
3.04,REFUSE,43.0,78.0
3.04,THIRST,26.0,16.0
3.07,FRIEND,90.0,242.0
3.07,DIE,124.0,356.0
3.07,ACCOMPANY,34.0,85.0
3.07,SATURDAY,3.0,
3.07,MEMBER,49.0,192.0
3.07,FRIGHTEN,34.0,52.0
3.07,ACROSS,30.0,121.0
3.07,VIOLENCE,18.0,48.0
3.07,SCOLD,36.0,46.0
3.07,TREATY,7.0,11.0
3.07,BLUNT,30.0,14.0
3.07,HOARSE,19.0,18.0
3.07,LEND,35.0,36.0
3.07,SAD,31.0,102.0
3.07,CLEAN,93.0,208.0
3.08,THOUSAND,14.0,5.0
3.08,VISIBLE,38.0,145.0
3.08,DESTROY,110.0,359.0
3.08,TRADE,29.0,68.0
3.1,HOUR,15.0,20.0
3.1,BORROW,35.0,34.0
3.1,SELF,42.0,88.0
3.1,SLOWLY,14.0,18.0
3.1,DILUTE,10.0,14.0
3.11,DEPTH,15.0,47.0
3.11,PLUNDER,34.0,81.0
3.12,DELIVER,38.0,152.0
3.13,HERE,64.0,90.0
3.13,EXPENSIVE,19.0,26.0
3.13,COPULATE,49.0,50.0
3.14,FATIGUE,12.0,18.0
3.14,CULTIVATE,41.0,106.0
3.14,WEDNESDAY,4.0,4.0
3.14,BASTARD,16.0,29.0
3.14,PLOT,34.0,118.0
3.14,DENSE,38.0,113.0
3.14,MIDNIGHT,5.0,9.0
3.14,SHAPE,54.0,202.0
3.14,STRONG,161.0,656.0
3.15,ITCH,36.0,53.0
3.15,MOVE AWAY,12.0,12.0
3.15,ADORNED,5.0,6.0
3.15,HANG UP,19.0,19.0
3.15,TEACH,48.0,132.0
3.16,GLUTTON,11.0,10.0
3.16,AMBUSH,16.0,21.0
3.17,RESCUE,22.0,60.0
3.17,ELECTION,8.0,15.0
3.17,DISTANCE,25.0,54.0
3.18,LOOSE,71.0,174.0
3.18,TRANSPARENT,9.0,21.0
3.19,FOOL,56.0,154.0
3.19,SEVENTEEN,3.0,
3.19,SPIRIT,102.0,296.0
3.2,HUNDRED,25.0,13.0
3.2,BIRTHDAY,9.0,11.0
3.2,SLANTED,4.0,
3.21,OPEN,154.0,260.0
3.21,SEE,101.0,232.0
3.21,ITCHY,11.0,9.0
3.21,PRAY,34.0,41.0
3.21,ASTRINGENT,7.0,6.0
3.22,BE BORN,45.0,126.0
3.22,SMALL,164.0,319.0
3.22,ARRIVE,74.0,249.0
3.23,UGLY,29.0,79.0
3.24,PLAY,76.0,195.0
3.24,MUTE,13.0,11.0
3.24,LOOSEN,37.0,88.0
3.24,ATOP,2.0,4.0
3.24,WASTE,50.0,167.0
3.25,DIVORCE,23.0,54.0
3.25,YEAR,63.0,88.0
3.25,SEPARATE,93.0,212.0
3.25,COARSE,34.0,67.0
3.25,WHOLE,58.0,171.0
3.26,FOLLOW,86.0,354.0
3.26,EVENING,48.0,52.0
3.26,NINETEEN,2.0,
3.26,FLIRT,9.0,5.0
3.27,AUTUMN,12.0,5.0
3.27,FEVER,29.0,56.0
3.27,A LITTLE,21.0,34.0
3.27,HALF,34.0,88.0
3.27,DEAF,23.0,23.0
3.28,FRIDAY,1.0,
3.28,CROWDED,25.0,35.0
3.28,BUSINESS,30.0,123.0
3.28,SLOW,47.0,114.0
3.29,THRUST,38.0,152.0
3.29,DOWRY,9.0,6.0
3.29,IRON,54.0,56.0
3.3,NUMBER,49.0,200.0
3.3,SECOND,30.0,87.0
3.3,RIPE,51.0,66.0
3.3,HUNGER,37.0,42.0
3.3,STORY,36.0,110.0
3.3,INSTEP,2.0,
3.31,HEALTHY,41.0,123.0
3.31,SWELL,63.0,146.0
3.31,RIPEN,31.0,57.0
3.31,UNRIPE,51.0,66.0
3.31,VIRGIN,21.0,31.0
3.31,PRODUCE,76.0,388.0
3.31,PERIOD,48.0,130.0
3.31,SPICY,21.0,80.0
3.31,ANNOUNCE,22.0,78.0
3.32,FAST,68.0,231.0
3.32,SUNDAY,6.0,1.0
3.32,QUARREL,57.0,126.0
3.32,ACTIVE,23.0,67.0
3.32,DEMON,21.0,39.0
3.32,FILL,57.0,142.0
3.32,REPAIR,37.0,99.0
3.32,FREEMAN,2.0,1.0
3.32,SEASON,30.0,113.0
3.32,AWAKE,34.0,89.0
3.33,COLD,76.0,73.0
3.33,ABOVE,44.0,102.0
3.33,SILENCE,9.0,8.0
3.33,ATTACH,36.0,108.0
3.33,SHINY,22.0,54.0
3.33,WELL,87.0,263.0
3.34,HARD,133.0,482.0
3.34,THEIR,14.0,28.0
3.34,SERMON,4.0,4.0
3.35,SELL,52.0,111.0
3.35,BUY,53.0,89.0
3.35,FRAGRANT,15.0,14.0
3.36,HIGH,73.0,183.0
3.36,SEVENTY,7.0,2.0
3.37,SPEECH,88.0,206.0
3.37,HEAVY,70.0,188.0
3.37,FOUR,48.0,7.0
3.37,SHEAR,14.0,25.0
3.37,FIFTEEN,3.0,
3.37,PREACH,9.0,12.0
3.37,CLOSED,31.0,54.0
3.38,DEEP,71.0,183.0
3.38,WAKE UP,36.0,59.0
3.38,FRINGE,18.0,20.0
3.38,CREEP,22.0,7.0
3.38,SCENERY,5.0,4.0
3.39,NINETY,3.0,
3.4,DECORATE,24.0,50.0
3.4,PLAN,187.0,395.0
3.41,EIGHTY,12.0,40.0
3.41,CHRISTMAS,2.0,
3.41,BACKWARD,13.0,21.0
3.41,NEWS,33.0,86.0
3.41,BEIGE,1.0,
3.41,SAFE,19.0,68.0
3.41,ABORTION,4.0,2.0
3.42,UNCOVER,25.0,27.0
3.42,FETCH,43.0,135.0
3.43,PERMIT,30.0,114.0
3.43,PAINFUL,32.0,113.0
3.43,EMPTY,71.0,161.0
3.43,SIX,31.0,3.0
3.43,ACHE,48.0,92.0
3.43,BLACKEN,13.0,38.0
3.43,LIAR,27.0,107.0
3.43,CHAPTER,15.0,48.0
3.44,MORNING,43.0,41.0
3.44,WEST,35.0,105.0
3.44,THIRD,9.0,5.0
3.44,HITCHHIKE,1.0,
3.44,CUT DOWN,32.0,62.0
3.44,TAKE OUT,24.0,81.0
3.45,SHALLOW,32.0,65.0
3.45,DISEASE,36.0,99.0
3.46,SUCK,94.0,75.0
3.46,HORIZONTAL,7.0,2.0
3.46,CLAN,46.0,144.0
3.46,REMAINS,9.0,8.0
3.47,LISTEN,50.0,66.0
3.47,LENGTHEN,11.0,12.0
3.48,HUMID,14.0,21.0
3.48,DRUNK,35.0,59.0
3.48,WEEK,8.0,5.0
3.48,BEHIND,52.0,104.0
3.48,FIFTY,8.0,1.0
3.48,THRESHOLD,5.0,4.0
3.48,VERTICAL,4.0,5.0
3.48,MOISTEN,19.0,17.0
3.48,CRIMINAL,8.0,11.0
3.48,INJURE,41.0,72.0
3.48,SQUARE,13.0,88.0
3.5,NAME,89.0,225.0
3.5,PUT ON,57.0,215.0
3.5,PAIN,83.0,233.0
3.5,BUNCH,41.0,85.0
3.5,IDENTICAL,12.0,33.0
3.5,CLIMATE,8.0,27.0
3.5,POETRY,9.0,26.0
3.52,NOISE,74.0,120.0
3.52,TINKLE,6.0,6.0
3.52,GRAZE,33.0,61.0
3.53,IRRIGATE,10.0,11.0
3.54,WARE,25.0,113.0
3.54,PAY,66.0,222.0
3.55,FAMINE,19.0,22.0
3.55,FLAVOR,12.0,22.0
3.55,SCATTER,62.0,84.0
3.55,SHRINK,24.0,32.0
3.55,DRESS UP,4.0,2.0
3.56,WORD,88.0,228.0
3.56,SIXTY,6.0,
3.56,NOISY,17.0,36.0
3.57,POINTED,19.0,50.0
3.57,TREAD,28.0,38.0
3.59,MEASURE,62.0,179.0
3.59,TORTURE,22.0,49.0
3.59,STICKY,37.0,55.0
3.6,HISS,17.0,6.0
3.6,SWAY,21.0,25.0
3.61,TWELVE,3.0,
3.61,HOLLOW,72.0,150.0
3.61,MURDER,35.0,69.0
3.61,RAPE,88.0,80.0
3.61,WEAR,51.0,160.0
3.62,STRETCH,58.0,153.0
3.62,UNICORN,2.0,
3.62,BREEZE,26.0,49.0
3.62,THREE,44.0,10.0
3.63,HOST,58.0,115.0
3.63,LOAD,57.0,151.0
3.63,IDOL,26.0,60.0
3.63,GRASP,70.0,222.0
3.63,GRAVEN IMAGE,1.0,
3.63,CACKLE,7.0,1.0
3.63,MOVEMENT,24.0,83.0
3.63,PRICE,36.0,60.0
3.64,SUMMER,24.0,21.0
3.64,ECHO,17.0,38.0
3.66,BIG,100.0,217.0
3.66,ARSON,1.0,
3.67,INSIDE,63.0,173.0
3.67,TWENTY,18.0,3.0
3.67,TRAVEL,62.0,254.0
3.67,INTERPRETER,5.0,4.0
3.67,MOUNTAINOUS,7.0,4.0
3.67,COLLAPSE,38.0,97.0
3.67,BE SILENT,9.0,8.0
3.68,STEPSON,1.0,
3.68,HOLD,112.0,361.0
3.68,SLAUGHTER,43.0,125.0
3.68,SMEAR,29.0,37.0
3.69,MIDDLE,56.0,120.0
3.69,MUMBLE,11.0,10.0
3.69,THIRTEEN,2.0,
3.69,CARVE,47.0,95.0
3.7,SPEAK,95.0,225.0
3.7,AFTERNOON,14.0,15.0
3.7,STUDY,33.0,88.0
3.7,ERUPT,10.0,18.0
3.71,BUILD,80.0,319.0
3.71,SOMEONE,31.0,71.0
3.71,ATTACK,76.0,285.0
3.72,SEVEN,33.0,6.0
3.72,SWEEP,39.0,24.0
3.72,AREA,51.0,249.0
3.73,LOUD,70.0,95.0
3.73,PIERCE,86.0,184.0
3.73,STINKING,22.0,24.0
3.73,PALATE,15.0,11.0
3.73,DEATH,84.0,242.0
3.74,MENSTRUATE,10.0,19.0
3.75,SQUEEZE,100.0,118.0
3.75,THIRTY,11.0,3.0
3.75,RUN AWAY,37.0,104.0
3.75,PULL OUT,64.0,136.0
3.75,CONJUNCTIVITIS,3.0,10.0
3.75,RIDE,38.0,140.0
3.75,JUDGE,29.0,118.0
3.76,BLACK,96.0,170.0
3.76,STEEP,27.0,50.0
3.76,LAIR,18.0,55.0
3.76,STIR,57.0,78.0
3.76,STRANGER,25.0,26.0
3.76,BLUE,39.0,66.0
3.77,DRY,111.0,199.0
3.78,OWNER,31.0,86.0
3.78,CLUB,32.0,65.0
3.78,COLORFUL,5.0,10.0
3.78,POPLAR,4.0,1.0
3.79,WEIGH,41.0,149.0
3.79,ELEVATION,18.0,44.0
3.79,CROOKED,81.0,125.0
3.79,FLAIL,5.0,8.0
3.79,BILLION,1.0,
3.79,TEAM,61.0,70.0
3.79,HEAT,89.0,150.0
3.8,DEFENDANT,3.0,1.0
3.8,TURN AROUND,37.0,85.0
3.8,FOGGY,11.0,12.0
3.81,SMOOTH,78.0,159.0
3.81,HUNT,56.0,81.0
3.81,AWL,21.0,6.0
3.81,TWINKLE,20.0,31.0
3.81,DAMP,28.0,39.0
3.81,MAGENTA,1.0,
3.81,ROAR,58.0,89.0
3.82,BURY,58.0,101.0
3.82,MIX,65.0,55.0
3.82,GELD,3.0,3.0
3.82,GREASY,18.0,23.0
3.83,GUEST,19.0,22.0
3.83,ROUGH,59.0,176.0
3.83,RABIES,2.0,
3.83,DRIBBLE,13.0,12.0
3.83,THATCH,17.0,30.0
3.83,BOSS,25.0,69.0
3.83,FUNERAL,5.0,4.0
3.83,HOWL,35.0,53.0
3.83,WEATHER,35.0,105.0
3.84,WINTER,18.0,9.0
3.84,SOUTH,32.0,46.0
3.84,INHALE,19.0,21.0
3.84,STEAL,60.0,166.0
3.85,DARKNESS,56.0,91.0
3.85,GUTS,29.0,62.0
3.85,PILE UP,26.0,38.0
3.85,SPOUSE,39.0,71.0
3.85,SLICE,72.0,103.0
3.85,SPREAD OUT,48.0,63.0
3.85,CENTER,47.0,152.0
3.85,SHINE,119.0,179.0
3.86,SHARP,82.0,259.0
3.86,TOUCH,76.0,165.0
3.86,GNAW,42.0,53.0
3.86,HEIGHT,34.0,92.0
3.86,GRUB,20.0,27.0
3.86,IMPEL,14.0,48.0
3.86,WINDY,11.0,22.0
3.86,BASE,63.0,345.0
3.86,THIRSTY,26.0,16.0
3.87,ROTTEN,65.0,154.0
3.87,TIGHT,45.0,103.0
3.87,FIVE,38.0,11.0
3.88,SOFT,103.0,177.0
3.88,PAIR,37.0,99.0
3.88,PLOUGH,30.0,50.0
3.88,BEND,145.0,261.0
3.88,SIXTEEN,1.0,
3.88,NETTLE,6.0,2.0
3.88,SHIVER,34.0,31.0
3.88,MILLET,28.0,9.0
3.89,WHITE,109.0,110.0
3.89,NERVE,21.0,40.0
3.89,COOKED,38.0,38.0
3.89,KNEAD,36.0,61.0
3.89,UNTIE,36.0,49.0
3.89,LIFT,56.0,128.0
3.89,TAX,26.0,90.0
3.89,SWALLOW,69.0,46.0
3.9,SPIN,50.0,81.0
3.9,KILL,108.0,307.0
3.9,CRUSH,88.0,175.0
3.9,PLAINTIFF,2.0,1.0
3.9,HEAP,57.0,150.0
3.9,HEADACHE,6.0,32.0
3.9,RUSTY,5.0,3.0
3.9,TWIST,96.0,151.0
3.9,ELECTRICITY,14.0,22.0
3.91,STAB,74.0,149.0
3.91,HORNBILL,9.0,2.0
3.92,WEDDING,16.0,15.0
3.92,VISIT,34.0,150.0
3.92,PATTERN,18.0,59.0
3.92,SINGE,22.0,35.0
3.92,BRIGHT,74.0,221.0
3.93,SALTY,27.0,35.0
3.93,GO OUT,51.0,142.0
3.93,SEW,43.0,69.0
3.93,ELEVEN,4.0,
3.93,DROWN,24.0,32.0
3.93,CONGEE,1.0,
3.93,BOVINE,8.0,16.0
3.93,MALARIA,8.0,4.0
3.93,CHEW,72.0,60.0
3.93,PINK,4.0,1.0
3.93,WATERY,24.0,61.0
3.93,INFLATED,9.0,15.0
3.93,WIND,122.0,227.0
3.94,WEIGHT,41.0,149.0
3.94,SLIPPERY,23.0,11.0
3.96,WAGES,13.0,19.0
3.96,BEAM,47.0,117.0
3.96,FREEZE,13.0,8.0
3.96,SPLIT,127.0,194.0
3.96,EIGHTEEN,2.0,
3.96,BEECH,7.0,2.0
3.96,WIDOWER,7.0,4.0
3.96,MELT,35.0,72.0
3.96,PACIFIER,2.0,1.0
3.97,GRIND,74.0,162.0
3.97,SHOW,79.0,328.0
3.97,SHOOT,106.0,382.0
3.97,CHOKE,31.0,26.0
3.97,PULL,90.0,197.0
3.97,UNDRESS,15.0,19.0
3.97,STUTTER,12.0,7.0
3.97,PAINTING,8.0,14.0
3.97,MESSAGE,29.0,82.0
3.97,SHRIEK,28.0,39.0
3.97,EARTHQUAKE,10.0,10.0
3.97,SEIZE,79.0,195.0
4.0,CALL,105.0,232.0
4.0,GIVE BIRTH,89.0,294.0
4.0,SISTER,49.0,58.0
4.0,WIPE,33.0,32.0
4.0,CRY,129.0,176.0
4.0,PICK,74.0,200.0
4.0,CLOUDY,26.0,30.0
4.0,STEPFATHER,7.0,10.0
4.0,AMULET,11.0,17.0
4.0,PARTRIDGE,8.0,1.0
4.0,PINCH,73.0,93.0
4.0,BATTLE,52.0,77.0
4.0,SWEET,76.0,160.0
4.0,MENSTRUATION,19.0,52.0
4.03,DIVE,29.0,39.0
4.03,SNEEZE,19.0,3.0
4.03,BLIND,47.0,47.0
4.04,ORPHAN,19.0,25.0
4.04,THROW,101.0,360.0
4.04,NINE,31.0,2.0
4.04,STRAIT,16.0,13.0
4.04,EIGHT,41.0,149.0
4.04,GUARD,57.0,161.0
4.04,PURPLE,11.0,4.0
4.04,FORGE,31.0,37.0
4.04,INCENSE,5.0,1.0
4.04,ORNAMENT,13.0,18.0
4.07,STEPDAUGHTER,1.0,
4.07,WITNESS,11.0,47.0
4.07,BREATHE,51.0,65.0
4.07,WALK,96.0,298.0
4.07,FLOAT,66.0,76.0
4.07,DEAD,81.0,244.0
4.07,FLAT,80.0,185.0
4.07,SHAKE,95.0,102.0
4.07,TASTE,93.0,215.0
4.07,LENGTH,36.0,90.0
4.07,TALK,78.0,153.0
4.07,RATTLE,19.0,24.0
4.07,CLEAVER,1.0,
4.07,SLOPE,25.0,47.0
4.07,STRIKE,160.0,456.0
4.07,SHREW,11.0,30.0
4.07,WHIRLWIND,20.0,19.0
4.08,COLOR,28.0,105.0
4.08,GULF,19.0,30.0
4.08,RESIN,35.0,50.0
4.09,GROAN,31.0,41.0
4.09,SCULPTOR,1.0,
4.1,SLIP,39.0,50.0
4.1,RINSE,20.0,19.0
4.1,PELT,17.0,27.0
4.1,LEPROSY,10.0,1.0
4.1,EXPLODE,19.0,22.0
4.1,TIDE,17.0,38.0
4.11,PRISONER,10.0,8.0
4.11,CLIMB,47.0,87.0
4.11,WRAP,60.0,104.0
4.11,HUSBAND,96.0,195.0
4.11,GREY,32.0,63.0
4.11,CHECK,27.0,87.0
4.11,HOME,76.0,258.0
4.11,HERDSMAN,8.0,11.0
4.11,COMPANIONSHIP,5.0,9.0
4.11,LAP,46.0,62.0
4.11,BROKEN,57.0,131.0
4.11,CATCH,126.0,343.0
4.11,CONVICT,6.0,37.0
4.12,BIRCH,13.0,2.0
4.12,POTTER,4.0,1.0
4.13,WIFE,109.0,159.0
4.13,VOICE,64.0,129.0
4.13,FOLD,78.0,126.0
4.13,SWELLING,38.0,79.0
4.13,FOLK SONG,2.0,1.0
4.13,CIRCUMCISION,7.0,3.0
4.14,FASTEN,51.0,143.0
4.14,MATCH,40.0,145.0
4.14,POUR,73.0,219.0
4.14,TRIBE,35.0,129.0
4.14,NORTH,42.0,81.0
4.14,FORTY,9.0,1.0
4.14,BELCH,9.0,5.0
4.14,PIECE,80.0,321.0
4.14,EMBRACE,46.0,82.0
4.15,FALL ASLEEP,15.0,22.0
4.15,SCRAPE,88.0,80.0
4.15,LIMP,23.0,21.0
4.15,STAND UP,34.0,114.0
4.16,SCRATCH,127.0,170.0
4.16,CLAP,17.0,12.0
4.16,STUTTERER,4.0,3.0
4.16,PECK,16.0,37.0
4.16,ROLL,69.0,149.0
4.17,COUNTRY,89.0,277.0
4.17,DRAG,49.0,120.0
4.17,TROUGH,14.0,26.0
4.17,ECLIPSE,4.0,2.0
4.17,ESTUARY,15.0,26.0
4.17,SUNBATHE,1.0,
4.17,WARRIOR,21.0,35.0
4.17,SNIFF,30.0,31.0
4.17,SHOUT,74.0,125.0
4.17,FEED,59.0,141.0
4.17,WITCH,19.0,29.0
4.18,FART,33.0,17.0
4.18,TWO,49.0,58.0
4.18,CHANNEL,39.0,110.0
4.18,OVARY,2.0,
4.19,WHISTLE,21.0,16.0
4.19,BATHE,36.0,24.0
4.19,PULSE,14.0,33.0
4.19,SPLASH,21.0,23.0
4.19,ADOBE,1.0,
4.2,WEAVE,80.0,88.0
4.2,MONTH,43.0,26.0
4.2,PEAK,95.0,225.0
4.2,SUNNY,10.0,9.0
4.2,MASON,2.0,
4.21,DRIZZLE,16.0,11.0
4.21,LAUGH,44.0,25.0
4.21,PUSH,86.0,188.0
4.21,COAST,20.0,45.0
4.21,SUMMIT,53.0,156.0
4.21,HIP,47.0,71.0
4.21,BAKE,29.0,51.0
4.21,MAGICIAN,10.0,13.0
4.21,LIE DOWN,51.0,131.0
4.21,SUNSHINE,14.0,30.0
4.21,SPOT,51.0,299.0
4.22,WRITE,51.0,104.0
4.22,BUNDLE,48.0,64.0
4.22,LAUGHTER,43.0,125.0
4.22,DIP,29.0,25.0
4.22,MINISTER,14.0,64.0
4.22,MEAD,14.0,16.0
4.23,DIRTY,69.0,135.0
4.23,FAMILY,74.0,269.0
4.23,SHAVE,48.0,92.0
4.23,STEPMOTHER,7.0,4.0
4.23,CUTTLEFISH,7.0,2.0
4.23,SULPHUR,3.0,1.0
4.24,WOUND,84.0,178.0
4.24,UNCLE,50.0,83.0
4.24,DUSK,14.0,20.0
4.24,KNOCK,71.0,113.0
4.24,SCABIES,14.0,10.0
4.24,HARVEST,67.0,160.0
4.24,EDGE,110.0,258.0
4.25,SMALLPOX,12.0,6.0
4.25,MACHINE,13.0,41.0
4.25,SOUR,75.0,108.0
4.25,SPARK,43.0,61.0
4.25,OUTSIDE,54.0,198.0
4.26,PADDY FIELD,5.0,
4.26,CHIEFTAIN,7.0,19.0
4.26,RACKET,6.0,3.0
4.26,BLOOM,37.0,73.0
4.26,MERCHANDISE,2.0,
4.26,SURFACE,43.0,190.0
4.27,CROUCH,12.0,10.0
4.27,MALLARD,1.0,
4.27,POISON,50.0,51.0
4.27,CRAWL,21.0,6.0
4.28,PROSTITUTE,24.0,14.0
4.28,NIECE,19.0,32.0
4.28,NEW MOON,14.0,28.0
4.29,FAUCET,3.0,2.0
4.29,SCYTHE,8.0,5.0
4.29,PETROL,6.0,6.0
4.29,BORDER,72.0,159.0
4.29,SLAB,10.0,21.0
4.29,WEAVER,4.0,2.0
4.29,WRINKLED,10.0,4.0
4.29,DARK,112.0,179.0
4.3,ELF,42.0,88.0
4.3,YELLOW,47.0,51.0
4.3,GRANDSON,14.0,20.0
4.3,WRINKLE,21.0,17.0
4.3,FRAME,26.0,41.0
4.3,FISHING,13.0,25.0
4.3,PAW,22.0,25.0
4.3,GROWL,37.0,40.0
4.3,FINCH,3.0,
4.31,MERCHANT,6.0,2.0
4.31,RUN,116.0,374.0
4.31,HICCOUGH,4.0,1.0
4.31,MAINLAND,1.0,
4.31,ROBBER,8.0,3.0
4.31,PLATEAU,3.0,3.0
4.31,MUSIC,21.0,29.0
4.31,KNEEL,12.0,9.0
4.31,SHOP,20.0,6.0
4.31,LUNCH,9.0,11.0
4.32,DANCE,65.0,70.0
4.32,HUNCHBACK,8.0,9.0
4.33,KICK,40.0,65.0
4.33,FESTIVAL,13.0,17.0
4.33,DIG,63.0,92.0
4.33,RUB,75.0,103.0
4.33,WIDOW,12.0,4.0
4.33,GILL,4.0,2.0
4.33,LADY,23.0,29.0
4.33,BREASTBONE,4.0,4.0
4.33,MARMOT,4.0,1.0
4.33,BAREFOOT,5.0,3.0
4.34,THUNDER,70.0,102.0
4.34,LANDSCAPE,3.0,6.0
4.34,BURP,7.0,3.0
4.34,WHISPER,11.0,
4.34,ROOT,72.0,151.0
4.35,CAMP,33.0,95.0
4.35,BIRTHMARK,6.0,4.0
4.35,LOTUS,3.0,
4.35,WILLOW,9.0,
4.36,POET,9.0,26.0
4.36,HUMP,25.0,54.0
4.36,EMBERS,13.0,20.0
4.36,BREATH,63.0,106.0
4.36,WORLD,52.0,172.0
4.37,THIEF,28.0,16.0
4.37,GRANDDAUGHTER,7.0,10.0
4.37,PINE,42.0,45.0
4.37,FOOTPRINT,25.0,68.0
4.37,SAP,56.0,141.0
4.37,BADGER,15.0,46.0
4.37,WOMB,57.0,117.0
4.37,STABLE,17.0,54.0
4.37,FRY,27.0,27.0
4.37,JOINT,48.0,113.0
4.38,BLACKSMITH,7.0,3.0
4.38,BRAID,45.0,54.0
4.38,LOIN,24.0,17.0
4.38,DEW,34.0,20.0
4.38,PANT,30.0,29.0
4.38,HERON,7.0,2.0
4.38,SLAVE,32.0,31.0
4.39,NURSE,31.0,32.0
4.39,STEP,76.0,277.0
4.39,BLINK,29.0,18.0
4.39,SNORE,29.0,22.0
4.39,DRAGON,19.0,22.0
4.39,SCALE,42.0,70.0
4.4,DUST,72.0,82.0
4.4,DRILL,22.0,27.0
4.4,BLEED,26.0,64.0
4.4,ADULT,25.0,107.0
4.4,PRESIDENT,5.0,8.0
4.41,CARPENTER,8.0,4.0
4.41,HUNTER,9.0,2.0
4.41,OLDER BROTHER,20.0,16.0
4.41,MOLE,24.0,24.0
4.41,PATH,69.0,202.0
4.41,KNIT,26.0,52.0
4.41,ITEM,12.0,63.0
4.41,STINGER,10.0,10.0
4.41,BLOND,10.0,15.0
4.41,TURQUOISE,1.0,
4.42,CUCKOO,4.0,2.0
4.42,SOLID,37.0,144.0
4.42,PLANTAIN,9.0,2.0
4.43,CITIZEN,9.0,17.0
4.43,BREAKFAST,8.0,6.0
4.43,SWIM,49.0,43.0
4.43,COW DUNG,1.0,
4.43,BROOK,36.0,61.0
4.43,MURDERER,11.0,25.0
4.43,SORCERER,14.0,17.0
4.44,BITE,135.0,199.0
4.44,CIRCLE,46.0,157.0
4.44,SLEEP,94.0,101.0
4.44,HORIZON,8.0,43.0
4.44,BALDHEAD,1.0,
4.44,TRANSIT,3.0,1.0
4.44,BRAKE,6.0,
4.45,VEIL,20.0,21.0
4.45,QUEEN,16.0,30.0
4.45,SKY,81.0,162.0
4.45,BAIT,21.0,17.0
4.46,YAWN,23.0,10.0
4.46,SONG,61.0,183.0
4.46,SPADE,14.0,8.0
4.46,WET,84.0,108.0
4.46,CARCASS,18.0,10.0
4.46,BILE,23.0,16.0
4.46,MAPLE TREE,1.0,
4.46,HENHOUSE,2.0,1.0
4.46,NIGHTINGALE,2.0,
4.46,PISS,14.0,9.0
4.46,DAWN,48.0,58.0
4.46,WOMAN,110.0,152.0
4.47,TENDON,28.0,38.0
4.47,BODY PART,4.0,3.0
4.47,BRONZE,11.0,6.0
4.48,SON-IN-LAW,26.0,19.0
4.48,CHOP,74.0,145.0
4.48,BUD,43.0,224.0
4.48,BLADDER,20.0,13.0
4.48,RIDGE,39.0,86.0
4.48,MARROW,22.0,24.0
4.48,ARTERY,16.0,24.0
4.48,BROWN,24.0,27.0
4.48,GRINDSTONE,13.0,12.0
4.48,PHLEGM,12.0,6.0
4.48,COUNTRYSIDE,19.0,47.0
4.48,SHEATH,26.0,31.0
4.48,KISS,38.0,22.0
4.5,MUSCLE,38.0,64.0
4.5,STEAM,61.0,70.0
4.5,SMILE,27.0,14.0
4.5,AXLE,13.0,14.0
4.5,LOOM,37.0,73.0
4.5,VULVA,46.0,34.0
4.5,OINTMENT,12.0,13.0
4.5,DITCH,36.0,53.0
4.5,GAME,40.0,54.0
4.5,SESAME,6.0,1.0
4.5,POUCH,15.0,22.0
4.5,RINGWORM,18.0,5.0
4.5,LYNX,4.0,
4.5,LARYNX,10.0,2.0
4.5,NAKED,32.0,70.0
4.5,LAGOON,11.0,18.0
4.5,STORE,29.0,113.0
4.5,STREAM,106.0,256.0
4.52,TEACHER,12.0,21.0
4.52,DIARRHEA,3.0,2.0
4.52,BARK,92.0,97.0
4.52,FATHER,88.0,105.0
4.52,HEART,112.0,390.0
4.52,NIGHT,79.0,73.0
4.52,PUS,86.0,188.0
4.52,COPPER,22.0,14.0
4.52,JUMP,52.0,78.0
4.52,NUT,30.0,119.0
4.52,CROWD,62.0,163.0
4.52,MILKY WAY,5.0,3.0
4.52,FUNNEL,5.0,2.0
4.52,NOOSE,17.0,18.0
4.52,RUST,38.0,152.0
4.52,VEST,67.0,160.0
4.52,LICK,51.0,35.0
4.52,STURGEON,2.0,
4.52,SLING,16.0,6.0
4.52,SILVER,27.0,22.0
4.53,TORNADO,7.0,7.0
4.53,LIGHTER,6.0,13.0
4.54,SHADE,55.0,88.0
4.54,MONEY,76.0,156.0
4.54,MOSQUE,3.0,1.0
4.54,BEDBUG,12.0,7.0
4.54,BUCKWHEAT,1.0,
4.54,SUNSET,10.0,11.0
4.54,PORCH,11.0,40.0
4.54,GROOM,14.0,20.0
4.54,SPINNING WHEEL,5.0,9.0
4.54,SHOEMAKER,2.0,
4.54,FARMER,9.0,6.0
4.55,RAM,34.0,47.0
4.55,CHAIN,24.0,32.0
4.55,PUPIL,17.0,68.0
4.55,BE ABLE,33.0,113.0
4.55,WAVE,68.0,99.0
4.56,GRAVE,61.0,144.0
4.56,FROST,17.0,14.0
4.56,OPIUM,1.0,
4.56,GIFT,46.0,95.0
4.56,SKATE,4.0,2.0
4.56,MIDWIFE,4.0,2.0
4.56,FRECKLE,10.0,4.0
4.57,TWINS,14.0,10.0
4.57,BOARD,31.0,83.0
4.57,HANDLE,84.0,257.0
4.57,TICK,167.0,416.0
4.57,RAINBOW,27.0,18.0
4.57,HYENA,14.0,6.0
4.57,WOK,2.0,1.0
4.57,HERB,32.0,38.0
4.57,SURF,43.0,190.0
4.57,FISHBONE,12.0,10.0
4.57,COURTYARD,14.0,40.0
4.58,CHAIR,22.0,59.0
4.58,DYE,25.0,35.0
4.58,MAIZE,14.0,6.0
4.58,SPRUCE,7.0,3.0
4.59,PEPPER,8.0,2.0
4.59,LIGHTNING,52.0,54.0
4.59,BEGGAR,5.0,
4.59,FARM,44.0,123.0
4.59,MOVIE,4.0,2.0
4.59,SNOUT,41.0,41.0
4.59,STICKING,8.0,18.0
4.59,GLOBE,13.0,52.0
4.59,WORKER,5.0,2.0
4.59,SAIL,30.0,81.0
4.59,ARCH,39.0,64.0
4.59,BARLEY,10.0,10.0
4.6,MOTHER,82.0,91.0
4.6,TOOL,23.0,36.0
4.6,GRASSLAND,4.0,9.0
4.6,BUBBLE,26.0,22.0
4.6,BEVERAGE,18.0,18.0
4.61,WATCH,64.0,201.0
4.61,CORNER,54.0,73.0
4.61,RAVINE,22.0,22.0
4.61,ROBIN,2.0,
4.61,PEEL,73.0,78.0
4.61,POUND,87.0,116.0
4.61,ANIMAL,67.0,111.0
4.61,SOOT,23.0,22.0
4.61,BOW,85.0,136.0
4.62,MEAL,40.0,86.0
4.62,SIGN,59.0,208.0
4.62,CALENDAR,4.0,8.0
4.62,SILKWORM,3.0,1.0
4.62,HELICOPTER,1.0,
4.62,CHERRY,3.0,
4.62,HIGH TIDE,8.0,13.0
4.63,BRIDE,16.0,16.0
4.63,VEIN,31.0,46.0
4.63,CHISEL,24.0,34.0
4.63,SKI,146.0,148.0
4.63,SHUTTLE,8.0,3.0
4.63,SEAL,23.0,40.0
4.63,WILD ANIMAL,12.0,6.0
4.64,NEIGHBOUR,6.0,1.0
4.64,BRANCH,73.0,146.0
4.64,WHIRLPOOL,7.0,5.0
4.64,COLLAR,22.0,20.0
4.64,VEHICLE,23.0,45.0
4.64,SERVANT,44.0,76.0
4.64,FOWL,27.0,16.0
4.64,BUILDING,43.0,125.0
4.64,PIRATE,3.0,9.0
4.64,HOSPITAL,3.0,3.0
4.65,GLUE,34.0,44.0
4.65,CITRUS FRUIT,7.0,6.0
4.65,GRANDMOTHER,39.0,53.0
4.65,HUT,59.0,100.0
4.65,QUAIL,8.0,2.0
4.65,UNIVERSITY,2.0,
4.65,YAK,6.0,7.0
4.65,BUTCHER,20.0,26.0
4.65,ROBOT,1.0,
4.66,SHIELD,29.0,32.0
4.66,PIG,50.0,32.0
4.66,FOG,50.0,50.0
4.66,DOMINOES,1.0,
4.66,COMPASS,16.0,44.0
4.66,POST,49.0,179.0
4.66,TOUCAN,3.0,1.0
4.66,STAIRS,10.0,6.0
4.66,JUNGLE,14.0,20.0
4.67,PUDDLE,14.0,10.0
4.67,SHEPHERD,12.0,23.0
4.67,WARDROBE,2.0,
4.67,ARMLET,1.0,
4.67,RAG,49.0,120.0
4.67,COOKING POT,13.0,9.0
4.67,BATTERY,5.0,3.0
4.67,RACCOON,3.0,35.0
4.67,TAILOR,6.0,10.0
4.67,FLAME,59.0,133.0
4.68,BILL,28.0,23.0
4.68,BEAVER,9.0,1.0
4.68,LIVER,50.0,96.0
4.68,PRISON,17.0,18.0
4.68,CHAMELEON,10.0,1.0
4.68,FIREPLACE,22.0,40.0
4.68,POCKET,21.0,12.0
4.68,WHIP,47.0,71.0
4.68,WHETSTONE,13.0,14.0
4.68,BISON,5.0,6.0
4.68,TILE,22.0,43.0
4.68,LIZARD,22.0,12.0
4.69,BALD,23.0,24.0
4.69,ULCER,27.0,36.0
4.69,TEA,110.0,234.0
4.69,STAR,68.0,337.0
4.69,BRAIN,53.0,79.0
4.69,MAIL,7.0,3.0
4.69,GENITALIA,5.0,3.0
4.69,SUNRISE,4.0,2.0
4.69,MOTH,82.0,91.0
4.69,ELM,15.0,22.0
4.69,MEASLES,6.0,1.0
4.69,WAREHOUSE,8.0,21.0
4.69,PUBIC HAIR,21.0,13.0
4.69,LILAC,1.0,
4.69,LOWER ARM,4.0,4.0
4.69,PHYSICIAN,6.0,5.0
4.69,PETROLEUM,1.0,
4.69,GARBAGE,20.0,25.0
4.7,BOOMERANG,7.0,1.0
4.7,ARMY,40.0,123.0
4.7,CHEESE,10.0,2.0
4.7,SILK,11.0,
4.7,SPLEEN,20.0,11.0
4.7,DEER,37.0,39.0
4.7,CHESTNUT,5.0,2.0
4.7,GONG,8.0,2.0
4.7,LITTLE FINGER,7.0,1.0
4.7,CHEETAH,5.0,1.0
4.7,BRASS,16.0,17.0
4.7,POSTAGE STAMP,1.0,
4.7,LIVESTOCK,23.0,60.0
4.7,MARKET,12.0,21.0
4.7,REED,34.0,146.0
4.7,REEF,20.0,36.0
4.7,RODENT,4.0,2.0
4.7,DOORPOST,4.0,2.0
4.7,STORM,35.0,68.0
4.7,TERMITE,19.0,14.0
4.71,SPIT,68.0,65.0
4.71,BLISTER,18.0,24.0
4.71,SLED,6.0,4.0
4.71,NAVEL,43.0,51.0
4.71,KINGFISHER,10.0,3.0
4.71,BAKER,2.0,
4.71,SCAB,23.0,19.0
4.71,CLOAK,10.0,7.0
4.71,HEADDRESS,3.0,1.0
4.71,ELEPHANT TRUNK,1.0,
4.71,PET,13.0,13.0
4.71,OSTRICH,6.0,1.0
4.71,ALMOND,2.0,
4.71,TATTOO,24.0,25.0
4.71,SEED,89.0,248.0
4.71,CLIFF,27.0,51.0
4.72,RUDDER,12.0,8.0
4.72,SOUP,22.0,24.0
4.72,WAIST,45.0,70.0
4.72,SOLDIER,17.0,33.0
4.72,LEDGE,40.0,163.0
4.72,TRIPOD,2.0,
4.72,WIRE,18.0,30.0
4.72,BLACKBOARD,2.0,8.0
4.72,SLAP,46.0,62.0
4.72,STORK,8.0,1.0
4.72,CHOCOLATE,1.0,
4.72,FISHNET,4.0,4.0
4.72,HONEYCOMB,7.0,6.0
4.72,PILL,27.0,67.0
4.72,ROLLING PIN,1.0,
4.72,GAZELLE,6.0,3.0
4.72,LIQUID,44.0,79.0
4.72,MILL,28.0,9.0
4.72,PERSON,144.0,574.0
4.72,TROUT,6.0,1.0
4.72,VALLEY,34.0,32.0
4.72,STALLION,10.0,23.0
4.72,YEAST,13.0,6.0
4.73,BRUISE,26.0,42.0
4.73,VULTURE,15.0,7.0
4.73,LOUSE,47.0,20.0
4.73,FISHERMAN,4.0,1.0
4.73,MANE,14.0,8.0
4.73,DINGO,4.0,1.0
4.73,IGLOO,1.0,
4.73,GIRAFFE,5.0,2.0
4.73,POSSUM,7.0,1.0
4.73,GARDEN,39.0,97.0
4.73,LIQUOR,18.0,15.0
4.74,RADIO,2.0,
4.74,BUZZARD,2.0,
4.74,RYE,6.0,5.0
4.74,BEEF,14.0,24.0
4.74,TRAY,20.0,52.0
4.74,HOE,36.0,32.0
4.74,WEASEL,9.0,2.0
4.74,LASSO,2.0,3.0
4.74,MOUTH,110.0,191.0
4.75,VOMIT,49.0,64.0
4.75,SAUCE,18.0,23.0
4.75,STREET,26.0,93.0
4.75,ROOSTER,18.0,13.0
4.75,VOLCANO,3.0,
4.75,RHINOCEROS,6.0,3.0
4.75,BUSHFIRE,1.0,
4.75,PHEASANT,6.0,
4.75,TWIG,27.0,39.0
4.75,PANDA,15.0,3.0
4.75,CABBAGE,11.0,13.0
4.75,KETTLE,13.0,20.0
4.75,MARE,13.0,4.0
4.76,ARMOUR,4.0,2.0
4.76,BOY,45.0,82.0
4.76,TOWER,7.0,12.0
4.76,CLOTHES,43.0,59.0
4.76,TORCH,22.0,60.0
4.76,GECKO,9.0,2.0
4.76,CYPRESS,2.0,
4.76,POWDER,35.0,56.0
4.76,IVORY,9.0,7.0
4.76,FOREST,56.0,65.0
4.76,BLOOD VESSEL,16.0,26.0
4.77,HAMMER,45.0,83.0
4.77,CAPE,55.0,132.0
4.77,PIMPLE,17.0,27.0
4.77,ANCHOR,19.0,20.0
4.77,COLUMN,17.0,35.0
4.77,STRAW,24.0,15.0
4.77,CRICKET,13.0,4.0
4.77,PAN,50.0,142.0
4.77,CROSSBOW,8.0,1.0
4.77,PLATE,28.0,45.0
4.77,PRIEST,21.0,39.0
4.77,SPINACH,1.0,
4.78,YOLK,6.0,5.0
4.78,OKRA,5.0,1.0
4.78,TREE STUMP,5.0,2.0
4.78,RIVERBANK,6.0,2.0
4.78,MELON,7.0,6.0
4.78,OAT,66.0,76.0
4.78,PASTURE,26.0,49.0
4.78,PUPPY,9.0,5.0
4.78,OLD WOMAN,19.0,34.0
4.79,LATCH,5.0,3.0
4.79,HOOK,46.0,63.0
4.79,DRUMMING,2.0,1.0
4.79,SHORE,44.0,106.0
4.79,DAUGHTER,47.0,60.0
4.79,MEDICINE,47.0,73.0
4.79,ROOM,51.0,202.0
4.79,SEA,63.0,115.0
4.79,BODY,106.0,243.0
4.79,WINE,25.0,19.0
4.79,GUNPOWDER,10.0,9.0
4.79,CENTIPEDE,4.0,2.0
4.79,WILD CAT,5.0,1.0
4.79,SEMEN,37.0,64.0
4.79,BREADFRUIT,15.0,4.0
4.79,CITY,33.0,135.0
4.79,FLAG,14.0,22.0
4.79,SAUCER,2.0,1.0
4.79,DOUGH,19.0,21.0
4.79,PORK,17.0,24.0
4.79,EMU,7.0,
4.79,RUG,39.0,71.0
4.79,STRAP,18.0,24.0
4.79,CAMPFIRE,7.0,15.0
4.79,TURNIP,7.0,7.0
4.79,PAINTBRUSH,1.0,
4.79,CANNON,6.0,3.0
4.79,PANCREAS,8.0,3.0
4.79,CUPBOARD,4.0,2.0
4.79,PLACENTA,28.0,57.0
4.79,GRANARY,24.0,30.0
4.79,ELEVATOR,1.0,
4.79,WOLF,28.0,15.0
4.79,DANDRUFF,7.0,
4.79,PLASTIC,5.0,2.0
4.79,POLICE,7.0,
4.79,SCHOOL,20.0,37.0
4.79,YOUNG MAN,28.0,29.0
4.79,ROOF,45.0,100.0
4.79,TRAIN,34.0,103.0
4.79,COCONUT,14.0,23.0
4.8,BELLY,83.0,156.0
4.8,FLOOR,54.0,170.0
4.8,SIT DOWN,28.0,93.0
4.8,ARMPIT,31.0,19.0
4.8,FORTRESS,18.0,76.0
4.8,SUNFLOWER,3.0,4.0
4.8,FOOD,100.0,214.0
4.8,TANK,10.0,26.0
4.8,OAR,58.0,89.0
4.8,WILD BOAR,11.0,7.0
4.8,SUBMARINE,2.0,4.0
4.8,SHELL,70.0,113.0
4.8,GRAIN,67.0,256.0
4.8,LOCUST,14.0,2.0
4.8,LINEN,8.0,4.0
4.81,GOOSE,13.0,5.0
4.81,COFFEE,6.0,4.0
4.81,GOLD,36.0,32.0
4.81,POT,51.0,299.0
4.81,FRUIT,80.0,158.0
4.81,DOOR,66.0,157.0
4.81,HOLE,109.0,209.0
4.81,SCREW,19.0,42.0
4.81,TIE,87.0,159.0
4.81,MANDARINE,1.0,
4.81,CAKE,13.0,22.0
4.81,FLAMINGO,2.0,1.0
4.81,AMBULANCE,2.0,
4.81,BAY,37.0,58.0
4.81,ANKLE,26.0,47.0
4.81,SALMON,3.0,2.0
4.82,NEWSPAPER,7.0,17.0
4.82,SPERM,12.0,20.0
4.82,SKIRT,17.0,24.0
4.82,FENCE,59.0,91.0
4.82,VAGINA,75.0,62.0
4.82,SOYA,1.0,
4.82,CURTAIN,14.0,18.0
4.82,MACHETE,15.0,11.0
4.82,GLASS,21.0,30.0
4.82,LEATHER,35.0,38.0
4.82,OAK,32.0,46.0
4.82,LUNG,29.0,23.0
4.82,YARD,33.0,101.0
4.82,PEOPLE,97.0,296.0
4.83,BRICK,7.0,4.0
4.83,MOLAR TOOTH,7.0,12.0
4.83,BULLET,22.0,48.0
4.83,THREAD,64.0,116.0
4.83,PALM TREE,12.0,3.0
4.83,LEG,98.0,131.0
4.83,SUN,95.0,191.0
4.83,YOKE,23.0,37.0
4.83,GUN,26.0,35.0
4.83,IGUANA,4.0,2.0
4.83,SKULL,20.0,26.0
4.83,CHEEK,62.0,39.0
4.83,TELEVISION,2.0,1.0
4.83,CROCODILE,22.0,10.0
4.83,MAT,56.0,291.0
4.83,HEADGEAR,1.0,
4.83,BEETLE,17.0,14.0
4.83,DRAGONFLY,4.0,
4.83,SLOTH,8.0,8.0
4.83,WATER BUFFALO,8.0,2.0
4.83,SEAHORSE,1.0,
4.83,TORSO,15.0,27.0
4.83,FERRY,8.0,9.0
4.83,TARANTULA,4.0,2.0
4.83,BLOWGUN,4.0,5.0
4.83,CUCUMBER,11.0,7.0
4.83,MUSHROOM,26.0,11.0
4.83,CLAW,56.0,73.0
4.83,NIPPLE,35.0,101.0
4.83,CANDY,5.0,6.0
4.83,CHILI PEPPER,6.0,1.0
4.84,MOTOR,2.0,1.0
4.84,SCORPION,23.0,6.0
4.84,BOMB,4.0,4.0
4.84,SLEEVE,11.0,12.0
4.84,SACK,25.0,72.0
4.84,TRUCK,4.0,9.0
4.85,BULL,46.0,64.0
4.85,EYEBROW,27.0,22.0
4.85,CHARCOAL,33.0,25.0
4.85,WALKING STICK,19.0,30.0
4.85,GIRL,55.0,83.0
4.85,FOAM,39.0,36.0
4.85,WOOD,101.0,180.0
4.85,SPARROW,20.0,6.0
4.85,COLLARBONE,4.0,1.0
4.85,DOG,79.0,47.0
4.85,HEMP,10.0,6.0
4.85,HARP,82.0,259.0
4.85,SADDLE,10.0,6.0
4.85,MANTIS,4.0,2.0
4.85,SHEARS,3.0,2.0
4.85,MARSH,16.0,20.0
4.85,CATFISH,14.0,1.0
4.85,POTATO,14.0,14.0
4.85,SNOW,41.0,21.0
4.85,ALTAR,4.0,5.0
4.86,TOWEL,5.0,3.0
4.86,CATTLE,39.0,61.0
4.86,CANDLE,11.0,17.0
4.86,DUCK,39.0,32.0
4.86,WINDOW,13.0,34.0
4.86,GRANDFATHER,48.0,67.0
4.86,OTTER,15.0,2.0
4.86,KANGAROO,6.0,3.0
4.86,ANTEATER,3.0,1.0
4.86,SHIN,119.0,179.0
4.86,FISHING LINE,13.0,25.0
4.86,BAMBOO,60.0,48.0
4.86,ANUS,51.0,79.0
4.86,CANOE,36.0,24.0
4.86,COFFIN,16.0,22.0
4.86,FIELD,90.0,262.0
4.86,LOBSTER,14.0,9.0
4.86,DIRT,78.0,117.0
4.86,RAVEN,16.0,6.0
4.86,BARREL,16.0,18.0
4.86,STETHOSCOPE,1.0,
4.86,ACCORDION,2.0,
4.86,CARRIAGE,19.0,44.0
4.86,ENGINE,4.0,4.0
4.86,UMBILICAL CORD,23.0,20.0
4.86,JACKET,5.0,1.0
4.86,CONE,5.0,1.0
4.86,TAMBOURINE,1.0,
4.86,HAMSTER,2.0,
4.86,STOCKING,2.0,
4.86,ZEBRA,3.0,
4.86,DESERT,31.0,92.0
4.86,POMEGRANATE,3.0,3.0
4.86,GRAPEVINE,5.0,3.0
4.86,ROE DEER,5.0,3.0
4.86,WALL,69.0,46.0
4.86,TADPOLE,7.0,1.0
4.86,GUAVA,4.0,
4.86,GOURD,9.0,5.0
4.86,MUD,72.0,65.0
4.86,OCEAN,37.0,51.0
4.86,WHEEL,33.0,83.0
4.86,TRUMPET,11.0,12.0
4.86,RICE,61.0,74.0
4.86,BLOOD,68.0,61.0
4.86,WOOL,30.0,19.0
4.86,HEEL,39.0,62.0
4.87,FISHHOOK,9.0,10.0
4.87,BOWL,38.0,56.0
4.87,FACE,112.0,313.0
4.87,APRON,5.0,
4.87,METAL,29.0,19.0
4.87,CATERPILLAR,26.0,20.0
4.87,STEEL,9.0,14.0
4.87,RADISH,4.0,1.0
4.87,PAPAYA,6.0,
4.87,BENCH,18.0,37.0
4.87,EARWAX,14.0,14.0
4.87,PEARL,8.0,1.0
4.87,HAY,18.0,8.0
4.87,DINOSAUR,1.0,
4.87,SHIP,44.0,62.0
4.87,KNOT,44.0,159.0
4.87,JAW,37.0,25.0
4.87,SUGAR,18.0,28.0
4.87,TORTOISE,25.0,5.0
4.88,HARE,54.0,114.0
4.88,MOSQUITO,32.0,8.0
4.88,BEER,21.0,24.0
4.88,BEAR,112.0,338.0
4.88,DOVE,26.0,11.0
4.88,SAUSAGE,2.0,
4.88,BEESWAX,5.0,5.0
4.88,LOINCLOTH,11.0,12.0
4.88,PENCIL,8.0,43.0
4.88,TUBE,23.0,70.0
4.88,ALUMINIUM,1.0,
4.88,SICKLE,17.0,10.0
4.88,SKUNK,4.0,
4.88,LAKE,60.0,98.0
4.88,BEE,44.0,24.0
4.88,HAT,113.0,178.0
4.88,SPINE,42.0,45.0
4.88,HONEY,39.0,43.0
4.88,CIGARETTE,12.0,11.0
4.88,TOBACCO,26.0,24.0
4.89,WHEAT,17.0,8.0
4.89,NOSTRIL,9.0,31.0
4.89,CART,23.0,60.0
4.89,NOSE,59.0,43.0
4.89,SALT,59.0,43.0
4.89,TOOTH,74.0,53.0
4.89,SUGAR CANE,7.0,3.0
4.89,KEY,23.0,4.0
4.89,JUICE,55.0,81.0
4.89,SALIVA,39.0,25.0
4.89,CHIN,36.0,21.0
4.89,HOOF,30.0,23.0
4.89,SQUIRREL,22.0,7.0
4.89,COIN,24.0,93.0
4.89,ANTHILL,6.0,
4.89,HAMMOCK,8.0,4.0
4.89,CHILD,117.0,244.0
4.89,FLEA,30.0,14.0
4.89,EARTHWORM,22.0,22.0
4.89,GARLIC,13.0,3.0
4.89,TURKEY,10.0,8.0
4.89,BROOM,24.0,8.0
4.89,WART,16.0,11.0
4.89,WATERMELON,4.0,6.0
4.89,LEASH,4.0,6.0
4.89,RIBBON,6.0,5.0
4.89,MIDDLE FINGER,1.0,
4.89,MONGOOSE,4.0,1.0
4.89,AVOCADO,1.0,
4.89,DIAMOND,4.0,2.0
4.89,PISTOL,6.0,1.0
4.89,TORTILLA,5.0,
4.89,SAILBOAT,4.0,1.0
4.89,FOREFINGER,5.0,15.0
4.89,INSECT,37.0,35.0
4.89,BICYCLE,12.0,32.0
4.89,CORPSE,54.0,123.0
4.89,VILLAGE,90.0,256.0
4.89,VINEGAR,8.0,3.0
4.9,BUS,37.0,75.0
4.9,OLIVE,1.0,
4.9,FEATHER,67.0,67.0
4.9,FOREHEAD,46.0,56.0
4.9,BUTTER,28.0,25.0
4.9,EYE,70.0,190.0
4.9,JAGUAR,2.0,
4.9,MOON,61.0,75.0
4.9,MONKEY,23.0,4.0
4.9,KNIFE,45.0,32.0
4.9,BONE,64.0,91.0
4.9,BOX,38.0,61.0
4.9,RAZOR,14.0,8.0
4.9,HEN,53.0,153.0
4.9,CLOTH,65.0,85.0
4.9,FOAL,10.0,8.0
4.9,BUSH,37.0,75.0
4.9,TABLE,36.0,196.0
4.9,BEAD,14.0,19.0
4.9,ARMADILLO,2.0,
4.9,SPECTACLES,6.0,19.0
4.9,STINGRAY,9.0,4.0
4.9,POND,41.0,39.0
4.9,PEACH,4.0,1.0
4.9,STOOL,23.0,36.0
4.9,FIREFLY,12.0,5.0
4.9,CRAB,28.0,9.0
4.9,BAG,40.0,60.0
4.9,BEDROOM,7.0,7.0
4.9,HARMONICA,2.0,
4.9,CARD,15.0,26.0
4.9,STARFISH,6.0,6.0
4.9,GUITAR,3.0,9.0
4.9,SOFA,2.0,2.0
4.9,FALCON,9.0,6.0
4.9,WEED,41.0,70.0
4.9,PITCHFORK,4.0,3.0
4.9,ROSE,6.0,10.0
4.9,SANDWICH,6.0,17.0
4.9,CLOWN,4.0,4.0
4.9,MOSS,18.0,26.0
4.9,BELT,28.0,30.0
4.9,RIB,42.0,79.0
4.9,SCREWDRIVER,2.0,
4.9,PUMPKIN,11.0,7.0
4.9,PARAKEET,1.0,
4.9,WATERFALL,12.0,8.0
4.9,BOOK,34.0,44.0
4.91,BOTTLE,10.0,23.0
4.91,SOCK,7.0,4.0
4.91,GRASSHOPPER,20.0,6.0
4.91,STONE,108.0,190.0
4.92,BABOON,6.0,3.0
4.92,BREAD,34.0,58.0
4.92,HELMET,8.0,12.0
4.92,MAST,77.0,264.0
4.92,REINDEER,9.0,7.0
4.92,CASHEW,1.0,
4.92,GINGER,22.0,30.0
4.92,SPINDLE,18.0,8.0
4.92,BALLOON,6.0,8.0
4.92,LADYBUG,1.0,
4.92,PADLOCK,6.0,1.0
4.92,EYEBALL,10.0,67.0
4.92,BATHTUB,3.0,1.0
4.92,MILK,99.0,135.0
4.92,SHRUB,40.0,48.0
4.93,FIREWOOD,45.0,41.0
4.93,STATUE,12.0,28.0
4.93,SHARK,14.0,10.0
4.93,URINE,41.0,17.0
4.93,TONGUE,65.0,45.0
4.93,ROPE,79.0,102.0
4.93,FINGERNAIL,29.0,15.0
4.93,TOE,40.0,34.0
4.93,CLAY,42.0,49.0
4.93,FIST,21.0,26.0
4.93,SHOULDER,74.0,48.0
4.93,SWORD,33.0,38.0
4.93,SNAIL,27.0,11.0
4.93,CHEST,82.0,102.0
4.93,ELK,9.0,14.0
4.93,BUTTERFLY,25.0,16.0
4.93,HEDGEHOG,13.0,2.0
4.93,BOAT,62.0,64.0
4.93,CAMEL,11.0,3.0
4.93,TOY,7.0,6.0
4.93,OFFICE,29.0,162.0
4.93,WOODPECKER,11.0,
4.93,CHICK,47.0,27.0
4.93,PIGLET,8.0,8.0
4.93,WREATH,9.0,7.0
4.93,BULB,14.0,39.0
4.93,MAP,7.0,
4.93,FINGERTIP,2.0,2.0
4.93,MOSQUITO NET,6.0,1.0
4.93,KNUCKLE,10.0,30.0
4.93,RUM,30.0,39.0
4.93,CRADLE,14.0,9.0
4.93,COMPUTER,1.0,
4.93,ENVELOPE,13.0,26.0
4.93,OPOSSUM,3.0,1.0
4.93,HIPPOPOTAMUS,7.0,1.0
4.93,CLITORIS,18.0,14.0
4.93,GRAVEYARD,6.0,6.0
4.93,PEG,24.0,48.0
4.93,GUINEA PIG,1.0,
4.93,LAWN,8.0,10.0
4.93,ROCKING CHAIR,1.0,
4.93,PLIERS,7.0,10.0
4.93,JELLYFISH,2.0,
4.93,CIGAR,12.0,11.0
4.93,YAM,26.0,9.0
4.93,CRAYFISH,12.0,10.0
4.93,DRESS,51.0,109.0
4.93,GRASS,84.0,82.0
4.93,PAPER,33.0,80.0
4.93,OWL,40.0,163.0
4.93,SOAP,12.0,4.0
4.93,WRIST,13.0,26.0
4.93,TROUSERS,11.0,11.0
4.93,BLADE,37.0,95.0
4.93,BEEHIVE,13.0,6.0
4.93,BERRY,16.0,53.0
4.93,CROW,64.0,68.0
4.93,PEAR,104.0,492.0
4.94,SHIRT,13.0,12.0
4.94,PINEAPPLE,4.0,
4.96,JEWEL,7.0,21.0
4.96,SWAMP,32.0,28.0
4.96,CAVE,30.0,38.0
4.96,MOUSTACHE,23.0,9.0
4.96,TAIL,60.0,63.0
4.96,SPOON,27.0,9.0
4.96,TELEPHONE,5.0,5.0
4.96,LION,21.0,12.0
4.96,DOLPHIN,6.0,1.0
4.96,WASP,27.0,10.0
4.96,PYTHON,15.0,6.0
4.96,COCKROACH,7.0,3.0
4.96,ALLIGATOR,6.0,3.0
4.96,HUMMINGBIRD,1.0,
4.96,AIRPLANE,3.0,3.0
4.96,ANVIL,13.0,2.0
4.96,BRACELET,12.0,7.0
4.96,THUMB,18.0,34.0
4.96,EARLOBE,3.0,2.0
4.96,NECKLACE,15.0,7.0
4.96,MASK,12.0,8.0
4.96,BUCKET,20.0,21.0
4.96,BELL,83.0,156.0
4.96,PYRAMID,3.0,8.0
4.96,ASPARAGUS,1.0,
4.96,JUG,10.0,9.0
4.96,BLUEBERRY,2.0,
4.96,SWAN,6.0,3.0
4.96,GATE,26.0,70.0
4.96,HORNET,7.0,3.0
4.96,CHIMPANZEE,5.0,1.0
4.96,CRANBERRY,1.0,
4.96,SHOTGUN,2.0,
4.96,BLOUSE,3.0,2.0
4.96,VIOLIN,6.0,20.0
4.96,GARBAGE CAN,1.0,
4.96,PELICAN,3.0,
4.96,LIP,41.0,43.0
4.96,KIDNEY,21.0,44.0
4.96,BOOT,16.0,33.0
4.96,ISLAND,29.0,55.0
4.96,MOUNTAIN,94.0,111.0
4.96,BEARD,45.0,21.0
4.96,BEAK,55.0,58.0
4.96,SHELF,22.0,32.0
4.96,BUTTON,12.0,24.0
4.96,EARRING,7.0,2.0
4.96,STOVE,14.0,19.0
4.96,DRUM,29.0,12.0
4.96,COYOTE,4.0,1.0
4.96,WHALE,21.0,6.0
4.96,ACORN,9.0,6.0
4.97,BRIDGE,31.0,46.0
4.97,SPIDER WEB,5.0,6.0
4.97,OVEN,13.0,25.0
4.97,AUBERGINE,2.0,1.0
4.97,MIRROR,20.0,44.0
4.97,FOX,23.0,4.0
4.97,THROAT,65.0,54.0
4.97,KITCHEN,15.0,16.0
4.97,SHOE,17.0,5.0
4.97,FLOUR,31.0,26.0
4.97,COTTON,11.0,3.0
4.97,SHOVEL,13.0,6.0
4.97,WALNUT,4.0,1.0
4.97,TOILET,14.0,9.0
4.97,LARVA,15.0,19.0
4.97,SKELETON,13.0,15.0
4.97,GORILLA,1.0,
4.97,HORSEFLY,14.0,7.0
4.97,TREE TRUNK,17.0,51.0
4.97,LETTUCE,2.0,1.0
4.97,APRICOT,3.0,1.0
4.97,POCKETKNIFE,3.0,5.0
4.97,SUITCASE,6.0,10.0
4.97,DOORKNOB,3.0,
4.97,COAT,27.0,52.0
4.97,MOTORCYCLE,2.0,1.0
4.97,EGG,52.0,80.0
4.97,SUIT,44.0,231.0
4.97,RAFTER,12.0,10.0
4.97,SPIDER,34.0,9.0
4.97,GLOVE,5.0,2.0
4.97,ARROW,68.0,134.0
5.0,HANDKERCHIEF,3.0,1.0
5.0,BUG,25.0,21.0
5.0,PILLOW,16.0,6.0
5.0,MATTRESS,7.0,3.0
5.0,LEOPARD,19.0,5.0
5.0,PENIS,111.0,222.0
5.0,THORN,54.0,60.0
5.0,HOUSE,115.0,397.0
5.0,BABY,35.0,46.0
5.0,ELEPHANT,22.0,5.0
5.0,FINGER,53.0,98.0
5.0,CHIMNEY,9.0,15.0
5.0,APPLE,10.0,6.0
5.0,CLOCK,6.0,10.0
5.0,NECK,67.0,59.0
5.0,KNEE,50.0,45.0
5.0,BREAST,99.0,95.0
5.0,LADDER,22.0,11.0
5.0,BASKET,40.0,12.0
5.0,UDDER,18.0,15.0
5.0,EYELASH,25.0,16.0
5.0,SWEET POTATO,14.0,14.0
5.0,DOLL,12.0,19.0
5.0,BED,57.0,103.0
5.0,RAFT,27.0,16.0
5.0,EYELID,18.0,30.0
5.0,BAT,52.0,77.0
5.0,BALL,32.0,105.0
5.0,DONKEY,20.0,9.0
5.0,EAGLE,29.0,9.0
5.0,QUILT,3.0,2.0
5.0,DUSTPAN,1.0,
5.0,FISH,216.0,170.0
5.0,FLOWER,55.0,81.0
5.0,MANGO,13.0,2.0
5.0,PORCUPINE,17.0,1.0
5.0,TOOTHBRUSH,2.0,1.0
5.0,OCTOPUS,6.0,3.0
5.0,CACTUS,1.0,
5.0,CAMERA,1.0,
5.0,TONGS,21.0,23.0
5.0,SHAWL,3.0,
5.0,CAULIFLOWER,1.0,
5.0,GRAVEL,15.0,17.0
5.0,CARROT,7.0,2.0
5.0,LEMON,11.0,8.0
5.0,SEWING MACHINE,2.0,
5.0,UMBRELLA,16.0,17.0
5.0,STRAWBERRY,3.0,
5.0,CAGE,12.0,8.0
5.0,HEADBAND,7.0,12.0
5.0,PEACOCK,9.0,2.0
5.0,BEACH,25.0,45.0
5.0,ANTELOPE,14.0,20.0
5.0,FULL MOON,7.0,6.0
5.0,RAINCOAT,1.0,
5.0,VASE,8.0,10.0
5.0,FERN,11.0,3.0
5.0,HINNY,6.0,2.0
5.0,SARDINE,5.0,1.0
5.0,LIGHTBULB,2.0,
5.0,WALRUS,1.0,
5.0,SAXOPHONE,1.0,
5.0,LANTERN,5.0,8.0
5.0,CUP,29.0,75.0
5.0,FROG,38.0,9.0
5.0,HORSE,53.0,51.0
5.0,AXE,38.0,33.0
5.0,SNAKE,79.0,64.0
5.0,FLUTE,17.0,11.0
5.0,BLANKET,29.0,21.0
5.0,TIGER,19.0,4.0
5.0,PARROT,14.0,3.0
5.0,TOAD,14.0,3.0
5.0,TREE,280.0,341.0
5.0,GRAPE,11.0,9.0
5.0,BIRD,121.0,153.0
5.0,SPEAR,76.0,153.0
5.0,SEAGULL,9.0,1.0
5.0,ELBOW,40.0,48.0
5.0,TOMATO,4.0,2.0
